anno,giocatore,valutazione
2017,AARONS Rolando,4
2017,ABATE Ignazio,7
2017,ACERBI Francesco,15
2017,ACQUAH Afriyie,6
2017,ADJAPONG Claud,7
2017,ADNAN Ali Kadhim,4
2017,AJETI Arlind,4
2017,ALBERTO Luis,29
2017,ALBIOL Tortajada Raul,19
2017,ALEX SANDRO,20
2017,ALISSON Ramses Becker,26
2017,ALLAN Marques Loureiro,21
2017,ALVAREZ Ricardo,4
2017,ANDERSEN Joachim,5
2017,ANDREOLLI Marco,4
2017,ANGELLA Gabriele,4
2017,ANSALDI Cristian,10
2017,ANTEI Luca,3
2017,ANTENUCCI Mirco,27
2017,ANTONELLI Luca,4
2017,ARMENTEROS Samuel,9
2017,ASAMOAH Kwadwo,7
2017,ASTORI Davide,14
2017,AVENATTI Felipe,3
2017,BABACAR Khouma,16
2017,BADELJ Milan,10
2017,BAJIC Riad,7
2017,BALIC Andrija,6
2017,BANI Mattia,5
2017,BARAK Antonin,20
2017,BARBERIS Andrea,12
2017,BARELLA Nicolo',16
2017,BARRECA Antonio,4
2017,BARRETO Edgar Osvaldo,8
2017,BARROW Musa,11
2017,BARZAGLI Andrea,9
2017,BASELLI Daniele,16
2017,BASTA Dusan,4
2017,BASTIEN Samuel,6
2017,BASTONI Alessandro,2
2017,BASTOS,9
2017,BEARZOTTI Enrico,2
2017,BEHRAMI Valon,8
2017,BELEC Vid,5
2017,BELOTTI Andrea,21
2017,BENALI Ahmad,10
2017,BENASSI Marco,16
2017,BENATIA Medhi,11
2017,BENTANCUR Rodrigo,4
2017,BERARDI Domenico,15
2017,BERENGUER Alejandro,7
2017,BERESZYNSKI Bartosz,7
2017,BERISHA Etrit,19
2017,BERNARDESCHI Federico,15
2017,BERNI Tommaso,1
2017,BERTOLACCI Andrea,11
2017,BESSA Daniel,13
2017,BIANCHETTI Matteo,4
2017,BIGLIA Lucas Rodrigo,13
2017,BILLONG Jean Claude,3
2017,BIONDINI Davide,4
2017,BIRAGHI Cristiano,9
2017,BIRASCHI Davide,7
2017,BIRSA Valter,17
2017,BIZZARRI Benjamin,12
2017,BOLDOR Deian,2
2017,BONAVENTURA Giacomo,24
2017,BONAZZOLI Federico,4
2017,BONIFAZI Kevin,4
2017,BONUCCI Leonardo,16
2017,BORINI Fabio,9
2017,BORJA VALERO Iglesias,11
2017,BORRIELLO Marco,3
2017,BORSELLINI Davide,1
2017,BOYE' Lucas,4
2017,BRIGNOLA Enrico,11
2017,BRIGNOLI Alberto,2
2017,BRLEK Petar,4
2017,BROZOVIC Marcelo,18
2017,BUCHEL Marcel,4
2017,BUDIMIR Ante,7
2017,BUFFON Gianluigi,18
2017,BURDISSO Nicolas,6
2017,CABRERA Leandro,4
2017,CACCIATORE Fabrizio,11
2017,CACERES Martin,11
2017,CAICEDO Felipe,10
2017,CALABRIA Davide,10
2017,CALDARA Mattia,15
2017,CALHANOGLU Hakan,25
2017,CALIGARA Fabrizio,1
2017,CALLEJON Jose' Maria Bueno,28
2017,CALVANO Simone,4
2017,CANCELO Joao,15
2017,CANDREVA Antonio,15
2017,CANNAVARO Paolo,7
2017,CAPEZZI Leonardo,5
2017,CAPRADOSSI Elio,3
2017,CAPRARI Gianluca,11
2017,CAPUANO Marco,6
2017,CARACCIOLO Antonio,9
2017,CASSATA Francesco,3
2017,CASTAGNE Timothy,8
2017,CASTAN Leandro,4
2017,CASTRO Lucas,12
2017,CATALDI Danilo,10
2017,CECCHERINI Federico,12
2017,CENTURION Ricardo,4
2017,CEPPITELLI Luca,12
2017,CERAVOLO Fabio,14
2017,CERCI Alessio,10
2017,CEROFOLINI Michele,1
2017,CESAR Bostjan,3
2017,CETER Damir,5
2017,CHIBSAH Raman,5
2017,CHIELLINI Giorgio,11
2017,CHIESA Federico,23
2017,CHIRICHES Vlad,4
2017,CICIRETTI Amato,13
2017,CIGARINI Luca,9
2017,CIONEK Thiago,10
2017,CODA Massimo,12
2017,COFIE Isaac,5
2017,CONFENTE Alessandro,1
2017,CONSIGLI Andrea,17
2017,CONTI Andrea,3
2017,COP Duje,10
2017,COPPOLA Ferdinando,1
2017,CORDAZ Alex,16
2017,CORNELIUS Andreas,10
2017,COSSU Andrea,4
2017,COSTA Andrea,3
2017,COSTA Douglas,26
2017,COSTA Filippo,6
2017,COTTICELLI Antonio,1
2017,CRAGNO Alessio,14
2017,CREMONESI Michele,3
2017,CRISETIG Lorenzo,4
2017,CRISTANTE Bryan,23
2017,CRISTOFORO Sebastian,3
2017,CROCIATA Giovanni,4
2017,CROSTA Luca,1
2017,CUADRADO Juan,15
2017,CUTRONE Patrik,19
2017,DA COSTA,4
2017,DABO Bryan,9
2017,DAINELLI Dario,6
2017,DALBERT Henrique,4
2017,D'ALESSANDRO Marco,4
2017,D'AMBROSIO Danilo,13
2017,DANILO Larangeira,9
2017,DANZI Andrea,2
2017,DE MAIO Sebastian,7
2017,DE PAUL Rodrigo,15
2017,DE ROON Marten,16
2017,DE ROSSI Daniele,11
2017,DE SCIGLIO Mattia,6
2017,DE SILVESTRI Lorenzo,18
2017,DE VRIJ Stefan,24
2017,DEFREL Gregoire,6
2017,DEIOLA Alessandro,3
2017,DEL PINTO Lorenzo,3
2017,DELL'ORCO Cristian,5
2017,DEPAOLI Fabio,5
2017,DESSENA Daniele,4
2017,DESTRO Mattia,16
2017,DI CHIARA Gianluca,5
2017,DI FRANCESCO Federico,7
2017,DIABATE' Cheick,18
2017,DIABY Moussa,2
2017,DIAWARA Amadou,8
2017,DJIMSITI Berat,8
2017,DJURICIC Filip,7
2017,DONNARUMMA Antonio,1
2017,DONNARUMMA Gianluigi,19
2017,DONSAH Godfred,9
2017,DRAGOWSKI Bartolomiej,1
2017,DRAME' Boukary,4
2017,DUNCAN Joseph Alfred,9
2017,DUSSENNE Noe,3
2017,DYBALA Paulo,39
2017,DZEKO Edin,32
2017,DZEMAILI Blerim,12
2017,EDER Citadin martins,13
2017,EDERA Simone,6
2017,EL SHAARAWY,20
2017,EL YAMIQ Jawad,5
2017,EMERSON Palmieri Dos Santos,4
2017,EVERTON LUIZ Bilher,5
2017,EYSSERIC Valentin,8
2017,FALCINELLI Diego,11
2017,FALLETTI Cesar,5
2017,FARAGO' Paolo,13
2017,FARAONI Davide,10
2017,FARES Mohamed,2
2017,FARIAS Diego,9
2017,FAZIO Federico,15
2017,FELICIOLI Gian Filippo,3
2017,FELIPE,10
2017,FELIPE ANDERSON Pereira Gomes,19
2017,FERRARI Alex,6
2017,FERRARI Gianmarco,9
2017,FESTA Marco,1
2017,FLOCCARI Sergio,10
2017,FLORENZI Alessandro,13
2017,FOFANA Seko,13
2017,FOSSATI Marco Ezio,4
2017,FREULER Remo,22
2017,GAGLIARDINI Roberto,8
2017,GALABINOV Andrej,8
2017,GAMBERINI Alessandro,5
2017,GARRITANO Luca,4
2017,GASPAR Bruno,4
2017,GAUDINO Gianluca,4
2017,GAZZOLA Marcello,4
2017,GENTILETTI Santiago,4
2017,GERSON Santos da Silva,7
2017,GHOULAM Faouzi,4
2017,GIACCHERINI Emanuele,11
2017,GIANNETTI Niccolo',4
2017,GIL DIAS Bastiao,9
2017,GOBBI Massimo,8
2017,GOLDANIGA Edoardo,4
2017,GOLLINI Pierluigi,6
2017,GOMEZ Alejandro,25
2017,GOMIS Alfred,8
2017,GONALONS Maxime,5
2017,GONZALEZ Giancarlo,4
2017,GOSENS Robin,10
2017,GRASSI Alberto,16
2017,GRAVILLON Andrew,3
2017,GUERRIERI Guido,1
2017,GUILHERME Costa Marques,12
2017,GUSTAFSON Samuel,3
2017,GYAMFI Bright,3
2017,HAAS Nicolas,4
2017,HALLFREDSSON Emil,5
2017,HAMSIK Marek,22
2017,HAN Kwang-song,4
2017,HANDANOVIC Samir,22
2017,HATEBOER Hans,9
2017,HELANDER Filip,4
2017,HETEMAJ Perparim,12
2017,HEURTAUX Thomas,3
2017,HIGUAIN Gonzalo Gerardo,30
2017,HILJEMARK Oscar,9
2017,HOWEDES Benedikt,6
2017,HYSAJ Elseid,12
2017,IAGO Falque,28
2017,ICARDI Mauro Emanuel,44
2017,ICHAZO Salvador,1
2017,IEMMELLO Pietro,6
2017,ILICIC Josip,29
2017,IMMOBILE Ciro,45
2017,INGELSSON Svante,5
2017,INGLESE Roberto,22
2017,INSIGNE Lorenzo,31
2017,IONITA Artur,9
2017,IZCO Mariano,4
2017,IZZO Armando,5
2017,JANKTO Jakub,16
2017,JAROSZYNSKI Pawel,4
2017,JOAO MARIO,10
2017,JOAO PEDRO,8
2017,JORGINHO Jorge Luiz Frello,14
2017,JUAN Jesus,4
2017,KALINIC Nikola,19
2017,KARAMOH Yann,9
2017,KARSDORP Rick,4
2017,KEAN Moise,5
2017,KEITA Cheick,4
2017,KESSIE' Franck,18
2017,KHEDIRA Sami,26
2017,KOLAROV Aleksandar,17
2017,KOULIBALY Kalidou,20
2017,KOWNACKI Dawid,12
2017,KRAFTH Emil,3
2017,KRAGL Oliver,4
2017,KRAPIKAS Titas,1
2017,KREJCI Ladislav,4
2017,KURTIC Jasmin,11
2017,LAMANNA Eugenio,2
2017,LAPADULA Gianluca,14
2017,LARSEN Jens,8
2017,LASAGNA Kevin,25
2017,LAURINI Vincent,5
2017,LAXALT Diego Sebastian Suzrez,14
2017,LAZAAR Achraf,4
2017,LAZOVIC Darko,7
2017,LAZZARI Manuel,15
2017,LEE Seung-woo,6
2017,LEIVA Lucas,17
2017,LEMOS Mauricio,9
2017,LERIS Mehdi,1
2017,LETIZIA Gaetano,8
2017,LETSCHERT Timo,4
2017,LICHTSTEINER Stephan,7
2017,LINETTY Karol,12
2017,LIROLA Pol,6
2017,LJAJIC Adem,22
2017,LO FASO Simone,3
2017,LOBONT Bogdan,1
2017,LOCATELLI Manuel,5
2017,LOMBARDI Cristiano,6
2017,LOPEZ Lisandro,4
2017,LOPEZ Maxi,9
2017,LUCIONI Fabio,4
2017,LUIZ FELIPE Ramos Marchi,5
2017,LUKAKU Jordan,11
2017,LULIC Senad,16
2017,LYANCO,4
2017,LYKOGIANNIS Charalampos,6
2017,MAGGIO Christian,4
2017,MAGNANELLI Francesco,8
2017,MAIETTA Domenico,5
2017,MAKSIMOVIC Nikola,4
2017,MANCINI Gianluca,5
2017,MANDRAGORA Rolando,12
2017,MANDZUKIC Mario,17
2017,MANOLAS Konstantinos,15
2017,MARCHEGIANI Gabriele,1
2017,MARCHISIO Claudio,7
2017,MARIO RUI Silva Duarte,9
2017,MARSON Leonardo,1
2017,MARTELLA Bruno,11
2017,MARUSIC Adam,15
2017,MASIELLO Andrea,21
2017,MASINA Adam,6
2017,MATOS,4
2017,MATRI Alessandro,6
2017,MATTIELLO Federico,6
2017,MATUIDI Blaise,16
2017,MAZZITELLI Luca,5
2017,MBAYE Ibrahima,6
2017,MEDEIROS Iuri,10
2017,MEGGIORINI Riccardo,4
2017,MEMUSHAJ Ledian,4
2017,MERET Alex,13
2017,MERTENS Dries,32
2017,MIANGUE Senna,4
2017,MIGLIORE Luca,4
2017,MILENKOVIC Nikola,7
2017,MILIK Arkadiusz,13
2017,MILINKOVIC Vanja,2
2017,MILINKOVIC-SAVIC Sergej,34
2017,MIRANDA Joao,11
2017,MIRANTE Antonio,15
2017,MISSIROLI Simone,11
2017,MOLINARO Cristian,5
2017,MONTOLIVO Riccardo,3
2017,MORA Luca,8
2017,MORENO Hector,4
2017,MORETTI Emiliano,7
2017,MURGIA Alessandro,3
2017,MURRU Nicola,4
2017,MUSACCHIO Mateo,5
2017,NAGATOMO Yuto,4
2017,NAGY Adam,7
2017,NAINGGOLAN Radja,22
2017,NALINI Andrea,10
2017,NANI Luis carlos,9
2017,NIANG M'Baye,11
2017,NICOLAS Andrade,13
2017,N'KOULOU Nicolas,15
2017,NUYTINCK Bram,7
2017,OBI Joel,12
2017,OIKONOMOU Marios,3
2017,OKONKWO Orji,8
2017,OLIVERA Maxi,3
2017,OMEONGA Stephane,4
2017,ORSOLINI Riccardo,5
2017,OUNAS Adam,4
2017,PADELLI Daniele,1
2017,PADOIN Simone,10
2017,PALACIO Rodrigo,13
2017,PALLADINO Raffaele,4
2017,PALOMBI Simone,4
2017,PALOMINO Jose' Luis,11
2017,PALOSCHI Alberto,17
2017,PANDEV Goran,16
2017,PARIGINI Vittorio,5
2017,PAROLO Marco,17
2017,PATRIC,4
2017,PAVLOVIC Daniel,4
2017,PAVOLETTI Leonardo,23
2017,PAZZINI Giampaolo,17
2017,PEGOLO Gianluca,1
2017,PELLEGRI Pietro,4
2017,PELLEGRINI Lorenzo,16
2017,PELLISSIER Sergio,5
2017,PELUSO Federico,8
2017,PEREIRA Pedro,5
2017,PERES Bruno,6
2017,PERICA Stipe,8
2017,PERIN Mattia,18
2017,PERISIC Ivan,27
2017,PEROTTI Diego,18
2017,PETAGNA Andrea,14
2017,PETKOVIC Bruno,6
2017,PEZZELLA German,10
2017,PEZZELLA Giuseppe,4
2017,PIERINI Nicholas,2
2017,PINSOGLIO Carlo,2
2017,PISACANE Fabio,7
2017,PISCITELLI Riccardo,1
2017,PJANIC Miralem,23
2017,POLI Andrea,9
2017,POLITANO Matteo,29
2017,PRAET Dennis,13
2017,PUCCIARELLI Manuel,7
2017,PUGGIONI Christian,8
2017,PULGAR Erick,11
2017,PUSCAS George,7
2017,QUAGLIARELLA Fabio,27
2017,RADOVANOVIC Ivan,12
2017,RADU Stefan,9
2017,RAFAEL Cabral Barbosa,1
2017,RAFAEL De Andrade,4
2017,RAFINHA Rafael Alcantara,21
2017,RAGUSA Antonino,6
2017,RAMIREZ Gaston,14
2017,RANOCCHIA Andrea,7
2017,RAVAGLIA Federico,1
2017,REGINI Vasco,4
2017,REINA Jose' Manuel Paez,21
2017,RICCI Federico,7
2017,RIGONI Luca,7
2017,RIGONI Nicola,5
2017,RINCON Tomas,9
2017,RIZZO Luca,4
2017,RODRIGUEZ Ricardo,10
2017,ROG Marko,4
2017,ROGERIO Oliveira da silva,4
2017,ROHDEN Marcus,7
2017,ROMAGNA Filippo,5
2017,ROMAGNOLI Alessio,13
2017,ROMAGNOLI Simone,5
2017,ROMERO Aristoteles,4
2017,ROMULO,16
2017,ROSI Aleandro,5
2017,ROSSETTINI Luca,4
2017,ROSSI Francesco,1
2017,ROSSI Giuseppe,11
2017,RUGANI Daniele,10
2017,SADIQ Umar,4
2017,SAGNA Bacary,11
2017,SALA Jacopo,3
2017,SALAMON Bartosz,4
2017,SALCEDO Eddie,2
2017,SAMIR,5
2017,SAMPIRISI Mario,6
2017,SANCHEZ Carlos,7
2017,SANDRO Raniere Cordeiro,12
2017,SANTON Davide,4
2017,SANTURRO Antonio,2
2017,SAPONARA Riccardo,8
2017,SAU Marco,9
2017,SCHIATTARELLA Pasquale,11
2017,SCHIAVON Eros,3
2017,SCHICK Patrik,10
2017,SCUFFET Simone,4
2017,SECULIN Andrea,1
2017,SENSI Stefano,7
2017,SEPE Luigi,2
2017,SILVA Andre',13
2017,SILVA Jonathan,4
2017,SILVESTRE Matias,13
2017,SILVESTRI Marco,1
2017,SIMEONE Giovanni,27
2017,SIMIC Lorenco,4
2017,SIMIC Stefan,2
2017,SIMY,17
2017,SIRIGU Salvatore,23
2017,SKORUPSKI Lukasz,3
2017,SKRINIAR Milan,17
2017,SORRENTINO Stefano,20
2017,SOUPRAYEN Samuel,2
2017,SPINAZZOLA Leonardo,6
2017,SPOLLI Nicolas,8
2017,SPORTIELLO Marco,17
2017,STEPINSKI Mariusz,15
2017,STOIAN Adrian,10
2017,STRAKOSHA Thomas,17
2017,STRINIC Ivan,4
2017,STROOTMAN Kevin,13
2017,STURARO Stefano,4
2017,SUSO,23
2017,SZCZESNY Wojciech,13
2017,TAARABT Adel,7
2017,TAIDER Saphir,6
2017,THEREAU Cyril,10
2017,TOLOI Rafael,11
2017,TOMOVIC Nenad,6
2017,TONELLI Lorenzo,6
2017,TONEV Aleksandar,4
2017,TOROSIDIS Vasilios,3
2017,TORREIRA Lucas,15
2017,TOSCA Alin,8
2017,TROTTA Marcello,17
2017,TUMMINELLO Marco,7
2017,UNDER Cengiz,19
2017,VAISANEN Sauli,4
2017,VALDIFIORI Mirko,4
2017,VALOTI Mattia,9
2017,VAN DER WIEL Gregory,4
2017,VECINO Matias,11
2017,VELOSO Miguel,8
2017,VENUTI Lorenzo,5
2017,VERDE Daniele,10
2017,VERDI Simone,25
2017,VERETOUT Jordan,19
2017,VERRE Valerio,4
2017,VICARI Francesco,6
2017,VIDO Luca,4
2017,VIOLA Nicolas,13
2017,VITALE Mattia,3
2017,VITOR HUGO,9
2017,VIVIANI Federico,10
2017,VIVIANO Emiliano,14
2017,VUKOVIC Jagos,8
2017,WAGUE Molla,4
2017,WALLACE,2
2017,WIDMER Silvan,12
2017,ZACCAGNI Mattia,3
2017,ZAMPANO Francesco,6
2017,ZAPATA Cristian,5
2017,ZAPATA Duvan,21
2017,ZAPPACOSTA Davide,14
2017,ZIELINSKI Piotor,19
2017,ZUCULINI Bruno,7
2017,ZUCULINI Franco,7
2017,ZUKANOVIC Ervin,7
2016,ABATE Ignazio,10
2016,ACERBI Francesco,14
2016,ACOSTY Boadu Maxwell,11
2016,ACQUAH Afriyie,8
2016,ADJAPONG Claud,1
2016,ADNAN Ali Kadhim,5
2016,AJETI Arlind,5
2016,ALBERTO Luis,12
2016,ALBIOL Tortajada Raul,10
2016,ALEESAMI Haitam,6
2016,ALEX SANDRO,16
2016,ALLAN Marques Loureiro,15
2016,ALONSO Mendoza Marcos,14
2016,ALVAREZ Ricardo,10
2016,ALVES Bruno,7
2016,ALVES Dani,17
2016,AMUZIE Stanley,2
2016,ANDELKOVIC Sinisa,5
2016,ANDREOLLI Marco,3
2016,ANGELLA Gabriele,4
2016,ANIBAL Sandro,1
2016,ANSALDI Cristian,12
2016,ANTEI Luca,3
2016,ANTONELLI Luca,11
2016,AQUILANI Alberto,10
2016,ARAMU Mattia,5
2016,ARMERO Pablo,4
2016,ASAMOAH Kwadwo,7
2016,ASTORI Davide,9
2016,AUDERO Emil,1
2016,AVELAR Danilo,6
2016,BABACAR Khouma,13
2016,BACCA Carlos,28
2016,BADELJ Milan,8
2016,BADU Emmanuel Agyemang,11
2016,BAHEBECK Jean-Christophe,10
2016,BALIC Andrija,2
2016,BALOGH Norbert,7
2016,BANEGA Ever,16
2016,BARBA Federico,4
2016,BARBERIS Andrea,5
2016,BARELLA Nicolo',2
2016,BARRECA Antonio,2
2016,BARRETO Edgar Osvaldo,6
2016,BARZAGLI Andrea,13
2016,BASELLI Daniele,12
2016,BASTA Dusan,8
2016,BASTIEN Samuel,4
2016,BASTONI Alessandro,3
2016,BASTOS,6
2016,BEGHETTO Andrea,6
2016,BELLUSCI Giuseppe,5
2016,BELOTTI Andrea,21
2016,BENALI Ahmad,8
2016,BENASSI Marco,10
2016,BENATIA Medhi,10
2016,BENTIVEGNA Accursio,2
2016,BERARDI Domenico,22
2016,BERESZYNSKI Bartosz,5
2016,BERISHA Etrit,1
2016,BERNARDESCHI Federico,14
2016,BERTOLACCI Andrea,8
2016,BIGLIA Lucas Rodrigo,15
2016,BIONDINI Davide,4
2016,BIRAGHI Cristiano,5
2016,BIRASCHI Davide,4
2016,BIRSA Valter,13
2016,BITTANTE Luca,3
2016,BIZZARRI Benjamin,8
2016,BONAVENTURA Giacomo,17
2016,BONUCCI Leonardo,15
2016,BORJA VALERO Iglesias,17
2016,BORRIELLO Marco,13
2016,BOUY Ouasim,5
2016,BOVO Cesare,5
2016,BOYE' Lucas,4
2016,BRESSAN Walter,1
2016,BRIVIO Davide,4
2016,BROZOVIC Marcelo,15
2016,BRUGMAN Gaston,5
2016,BRUNO Alessandro,2
2016,BUCHEL Marcel,9
2016,BUDIMIR Ante,15
2016,BUFFON Gianluigi,17
2016,BURDISSO Nicolas Andres,6
2016,CABEZAS Bryan,8
2016,CACCIATORE Fabrizio,7
2016,CALABRIA Davide,2
2016,CALDARA Mattia,4
2016,CALLEJON Jose' Maria Bueno,19
2016,CAMPAGNARO Hugo,6
2016,CANDREVA Antonio,20
2016,CANNAVARO Paolo,8
2016,CAPEZZI Leonardo,6
2016,CAPRARI Gianluca,14
2016,CAPUANO Marco,4
2016,CARLAO,6
2016,CARMONA Carlos E.,5
2016,CARRIZO Juan Pablo,1
2016,CASTAN Leandro,6
2016,CASTRO Lucas,11
2016,CATALDI Danilo,6
2016,CECCHERINI Federico,4
2016,CEPPITELLI Luca,4
2016,CERRI Alberto,11
2016,CESAR Bostjan,6
2016,CHIELLINI Giorgio,12
2016,CHIESA Federico,1
2016,CHIRICHES Vlad,5
2016,CHOCHEV Ivaylo,5
2016,CIGARINI Luca,10
2016,CIONEK Thiago,4
2016,CODA Andrea,3
2016,COFIE Isaac,4
2016,COLOMBO Roberto,1
2016,CONSIGLI Andrea,13
2016,CONTI Andrea,5
2016,CORDAZ Alex,8
2016,COSIC Uros,2
2016,COSTA Andrea,6
2016,COSTA Filippo,2
2016,COULIBALY Mamadou,2
2016,CRECCO Luca,2
2016,CRESCENZI Alessandro,4
2016,CRISETIG Lorenzo,3
2016,CRISTANTE Bryan,4
2016,CRISTOFORO Sebastian,5
2016,CROCE Daniele,8
2016,CUADRADO Juan,15
2016,CUCCHIETTI Tommaso,1
2016,DA COSTA,1
2016,DAINELLI Dario,5
2016,D'ALESSANDRO Marco,9
2016,D'AMBROSIO Danilo,6
2016,DANILO Larangeira,7
2016,DE GUZMAN Jonathan,4
2016,DE MAIO Sebastian,5
2016,DE PAUL Rodrigo,6
2016,DE ROSSI Daniele,10
2016,DE SCIGLIO Mattia,6
2016,DE SILVESTRI Lorenzo,10
2016,DE VRIJ Stefan,10
2016,DEFREL Gregoire,17
2016,DEIOLA Alessandro,4
2016,DELL'ORCO Cristian,2
2016,DEPAOLI Fabio,1
2016,DESSENA Daniele,4
2016,DESTRO Mattia,19
2016,DEULOFEU Gerard,14
2016,DI FRANCESCO Federico,8
2016,DI GENNARO Davide,7
2016,DIAMANTI Alessandro,13
2016,DIAWARA Amadou,8
2016,DIMARCO Federico,4
2016,DIOUSSE' Assane,5
2016,DJORDJEVIC Filip,14
2016,DJURICIC Filip,8
2016,DODO',4
2016,DONNARUMMA Gianluigi,13
2016,DONSAH Godfred,10
2016,DOS SANTOS Claiton,5
2016,DRAGOWSKI Bartolomiej,1
2016,DRAME' Boukary,5
2016,DUNCAN Joseph Alfred,11
2016,DUSSENNE Noe,6
2016,DYBALA Paulo,34
2016,DZEKO Edin,20
2016,DZEMAILI Blerim,11
2016,EDENILSON Andrade dos Santos,5
2016,EDER Citadin martins,17
2016,EL KADDOURI Omar,7
2016,EL SHAARAWY,21
2016,EMBALO Carlos,9
2016,EMERSON Palmieri Dos Santos,3
2016,EVANGELISTA Lucas,2
2016,EVRA Patrice,10
2016,EWANDRO,4
2016,FALCINELLI Diego,8
2016,FALCONE Wladimiro,1
2016,FARAGO' Paolo,8
2016,FARAONI Davide,3
2016,FARIAS Diego,14
2016,FAZIO Federico,7
2016,FELIPE,6
2016,FELIPE ANDERSON Pereira Gomes,18
2016,FERNANDES Bruno Miguel,12
2016,FERNANDEZ Matias,8
2016,FERRARI Alex,4
2016,FERRARI Gianmarco,4
2016,FESTA Marco,1
2016,FIAMOZZI Riccardo,4
2016,FIORILLO Vincenzo,2
2016,FLOCCARI Sergio,11
2016,FLORENZI Alessandro,17
2016,FLORO FLORES Antonio,12
2016,FOFANA Seko,5
2016,FORNASIER Michele,4
2016,FREULER Remo,4
2016,FREY Nicolas,5
2016,FULIGNATI Andrea,1
2016,GABBIADINI Manolo,16
2016,GABRIEL Barbosa,17
2016,GABRIEL Vasconcelos Ferreira,1
2016,GAGLIARDINI Roberto,3
2016,GAKPE' Serge,7
2016,GAMBERINI Alessandro,5
2016,GASTALDELLO Daniele,8
2016,GAZZI Alessandro,4
2016,GAZZOLA Marcello,4
2016,GENTILETTI Santiago,6
2016,GERSON Santos da Silva,10
2016,GHOULAM Faouzi,9
2016,GIACCHERINI Emanuele,13
2016,GIANNETTI Niccolo',10
2016,GILARDINO Alberto,17
2016,GNAHORE' Eddy,2
2016,GNOUKOURI Assane Demoya,3
2016,GOBBI Massimo,5
2016,GOLDANIGA Edoardo,5
2016,GOLLINI Pierluigi,1
2016,GOMEZ Alejandro,19
2016,GOMEZ Gustavo,6
2016,GONZALEZ Giancarlo,7
2016,GRASSI Alberto,5
2016,GRENIER Clement,9
2016,GUSTAFSON Samuel,7
2016,GYOMBER Norbert,3
2016,HAGI Ianis,3
2016,HALLFREDSSON Emil,6
2016,HAMSIK Marek,19
2016,HAN Kwang-song,3
2016,HANDANOVIC Samir,15
2016,HART Joe,11
2016,HATEBOER Hans,3
2016,HELANDER Filip,5
2016,HENRIQUE Bruno,8
2016,HERNANES,8
2016,HETEMAJ Perparim,7
2016,HEURTAUX Thomas,5
2016,HIGUAIN Gonzalo Gerardo,40
2016,HILJEMARK Oscar,9
2016,HOEDT Wesley,5
2016,HONDA Keisuke,9
2016,HYSAJ Elseid,8
2016,IAGO Falque,13
2016,IBARBO Victor,12
2016,ICARDI Mauro Emanuel,31
2016,IEMMELLO Pietro,10
2016,ILICIC Josip,23
2016,IMMOBILE Ciro,20
2016,INGLESE Roberto,11
2016,INSIGNE Lorenzo,23
2016,IONITA Artur,12
2016,ISLA Mauricio,9
2016,ITURBE Juan,9
2016,IZCO Mariano,4
2016,IZZO Armando,8
2016,JAJALO Mato,4
2016,JANKTO Jakub,6
2016,JOAO MARIO,15
2016,JOAO PEDRO,13
2016,JORGINHO Jorge Luiz Frello,12
2016,JOVETIC Stevan,16
2016,JUAN Jesus,6
2016,KALINIC Nikola,23
2016,KARNEZIS Orestis,10
2016,KASTANOS Grigoris,1
2016,KEAN Moise,2
2016,KEITA Balde Diao,16
2016,KESSIE' Franck,6
2016,KHEDIRA Sami,14
2016,KISHNA Ricardo,7
2016,KONDOGBIA Geoffrey,11
2016,KONE Panagiotis,5
2016,KONKO Abdoulay,4
2016,KOTNIK Andrej,4
2016,KOULIBALY Kalidou,12
2016,KRAFTH Emil,3
2016,KRAPIKAS Titas,1
2016,KREJCI Ladislav,12
2016,KRUNIC Rade,5
2016,KUCKA Juray,10
2016,KUMS Sven,10
2016,KURTIC Jasmin,8
2016,LAMANNA Eugenio,1
2016,LAPADULA Gianluca,17
2016,LAURINI Vincent,5
2016,LAXALT Diego Sebastian Suzrez,11
2016,LAZOVIC Darko,6
2016,LEMINA Mario,6
2016,LETSCHERT Timo,5
2016,LEZZERINI Luca,1
2016,LICHTSTEINER Stephan,8
2016,LINETTY Karol,7
2016,LIROLA Pol,3
2016,LJAJIC Adem,15
2016,LO FASO Simone,1
2016,LOBONT Bogdan,1
2016,LOCATELLI Manuel,2
2016,LOMBARDI Cristiano,1
2016,LUIZ ADRIANO,14
2016,LUKAKU Jordan,6
2016,LUKIC Sasa,4
2016,LULIC Senad,10
2016,MACCARONE Massimo,18
2016,MAGGIO Christian,3
2016,MAGNANELLI Francesco,9
2016,MAIELLO Raffaele,3
2016,MAIETTA Domenico,5
2016,MAKSIMOVIC Nikola,6
2016,MANAJ Rey,9
2016,MANDZUKIC Mario,26
2016,MANOLAS Konstantinos,14
2016,MARCHETTI Federico,11
2016,MARCHISIO Claudio,13
2016,MARILUNGO Guido,7
2016,MARIO RUI Silva Duarte,9
2016,MARSON Leonardo,1
2016,MARTELLA Bruno,7
2016,MARTINEZ Josef Alexander,10
2016,MASIELLO Andrea,6
2016,MASINA Adam,7
2016,MATOS,8
2016,MATRI Alessandro,10
2016,MAURI Jose',3
2016,MAXI LOPEZ Gaston,11
2016,MAZZINI Stefano,1
2016,MAZZITELLI Luca,5
2016,MBAYE Ibrahima,4
2016,MCHEDLIDZE Levan,7
2016,MEDEL Gary,9
2016,MEGGIORINI Riccardo,14
2016,MELCHIORRI Federico,13
2016,MELO Felipe,8
2016,MEMUSHAJ Ledian,10
2016,MERTENS Dries,15
2016,MESBAH Djamel,3
2016,MIANGUE Senna,1
2016,MILIC Hrvoje,4
2016,MILIK Arkadiusz,24
2016,MILINKOVIC-SAVIC Sergej,8
2016,MIRANDA Joao,14
2016,MIRANTE Antonio,11
2016,MISSIROLI Simone,12
2016,MITRITA Alexandru,4
2016,MOLINARO Cristian,4
2016,MONTOLIVO Riccardo,9
2016,MORETTI Emiliano,7
2016,MORGANELLA Michel,5
2016,MORLEO Archimede,3
2016,MOROSINI Leonardo,9
2016,MOUNIER Anthony,11
2016,MUNARI Gianni,3
2016,MUNOZ Ezequiel Matias,5
2016,MUNTARI Sulley,5
2016,MURGIA Alessandro,1
2016,MURIC Robert,7
2016,MURIEL Luis Fernando,14
2016,MURILLO Jeison,11
2016,MURRU Nicola,4
2016,NAGATOMO Yuto,5
2016,NAGY Adam,7
2016,NAINGGOLAN Radja,18
2016,NALINI Andrea,4
2016,NESTOROVSKI Ilija,12
2016,NETO Norberto,1
2016,NIANG M'baye,18
2016,NINKOVIC Nikola,2
2016,NTCHAM Olivier,5
2016,OBI Joel,4
2016,OCAMPOS Lucas,12
2016,OIKONOMOU Marios,5
2016,OKONKWO Orji,2
2016,OLIVERA Maxi,7
2016,ORBAN Lucas,4
2016,PADELLI Daniele,10
2016,PADOIN Simone,6
2016,PALACIO Rodrigo,12
2016,PALETTA Gabriel Alejandro,5
2016,PALLADINO Raffaele,11
2016,PALOMBO Angelo,4
2016,PALOSCHI Alberto,20
2016,PANDEV Goran,9
2016,PAREDES Leandro,8
2016,PARIGINI Vittorio,4
2016,PAROLO Marco,14
2016,PASALIC Mario,8
2016,PASQUAL Manuel,9
2016,PATRIC,3
2016,PAVLOVIC Daniel,6
2016,PAVOLETTI Leonardo,24
2016,PEGOLO Gianluca,1
2016,PELAGOTTI Alberto,1
2016,PELLEGRINI Lorenzo,8
2016,PELLISSIER Sergio,10
2016,PELUSO Federico,6
2016,PENARANDA Adalberto,12
2016,PEPE Simone,8
2016,PEREIRA Pedro,3
2016,PERES Bruno,15
2016,PERICA Stipe,6
2016,PERIN Mattia,12
2016,PERISAN Samuele,1
2016,PERISIC Ivan,19
2016,PEROTTI Diego,17
2016,PESIC Aleksandar,11
2016,PETAGNA Andrea,8
2016,PETKOVIC Bruno,11
2016,PETTINARI Stefano,7
2016,PEZZELLA Giuseppe,2
2016,PINILLA Mauricio,12
2016,PISACANE Fabio,3
2016,PJACA Marko,15
2016,PJANIC Miralem,21
2016,PLIZZARI Alessandro,1
2016,POLI Andrea,5
2016,POLITANO Matteo,11
2016,POMINI Alberto,1
2016,POSAVEC Josip,9
2016,PRAET Dennis,14
2016,PUCCIARELLI Manuel,12
2016,PUGGIONI Christian,1
2016,PUGLIESI Maurizio,1
2016,PULGAR Erick,3
2016,QUAGLIARELLA Fabio,17
2016,QUAISON Robin,8
2016,RADOVANOVIC Ivan,6
2016,RADU Ionut,1
2016,RADU Stefan,6
2016,RAFAEL Cabral Barbosa,1
2016,RAFAEL De Andrade,2
2016,RAGUSA Antonino,8
2016,RAIMONDI Cristian,3
2016,RAJKOVIC Slobodan,5
2016,RANOCCHIA Andrea,6
2016,REGINI Vasco,4
2016,REINA Jose' Manuel Paez,14
2016,RICCI Federico,7
2016,RIGONI Luca,12
2016,RIGONI Nicola,9
2016,RINCON Tomas,13
2016,RISPOLI Andrea,5
2016,RIZZO Luca,7
2016,RODRIGUEZ Gonzalo,15
2016,ROG Marko,12
2016,ROHDEN Marcus,7
2016,ROMAGNOLI Alessio,9
2016,ROSI Aleandro,3
2016,ROSSETTINI Luca,6
2016,ROSSI Alessandro,1
2016,RUBINHO,1
2016,RUDIGER Antonio,10
2016,RUGANI Daniele,7
2016,SADIQ Umar,6
2016,SAINSBURY Trent,3
2016,SALA Jacopo,6
2016,SALAH Mohamed,24
2016,SALAMON Bartosz,5
2016,SALCEDO Carlos,6
2016,SALLAI Roland,3
2016,SALZANO Aniello,3
2016,SAMIR,3
2016,SAMPIRISI Mario,3
2016,SANCHEZ Carlos,7
2016,SANTON Davide,3
2016,SAPONARA Riccardo,18
2016,SARR Mouhamadou,1
2016,SAU Marco,15
2016,SCHICK Patrik,10
2016,SCUFFET Simone,1
2016,SECULIN Andrea,1
2016,SENSI Stefano,6
2016,SEPE Luigi,1
2016,SILVA Gabriel,3
2016,SILVA Stefan,10
2016,SILVESTRE Matias,5
2016,SIMEONE Giovanni,12
2016,SIMY,10
2016,SKORUPSKI Lukasz,9
2016,SKRINIAR Milan,3
2016,SORRENTINO Stefano,10
2016,SOSA Jose',11
2016,SPINAZZOLA Leonardo,4
2016,SPOLLI Nicolas,4
2016,SPORTIELLO Marco,12
2016,STENDARDO Guglielmo,5
2016,STOIAN Adrian,8
2016,STORARI Marco,9
2016,STRAKOSHA Thomas,1
2016,STRINIC Ivan,4
2016,STROOTMAN Kevin,11
2016,STURARO Stefano,7
2016,SUNJIC Toni,4
2016,SUSO,14
2016,SZCZESNY Wojciech,14
2016,TAARABT Adel,9
2016,TACHTSIDIS Panagiotis,9
2016,TAIDER Saphir,6
2016,TATARUSANU Anton Ciprian,12
2016,TELLO Andres,4
2016,TELLO Cristian,13
2016,TERRANOVA Emanuele,3
2016,THEREAU Cyril,19
2016,THIAM Mame,9
2016,TOLOI Rafael,6
2016,TOMOVIC Nenad,6
2016,TONELLI Lorenzo,8
2016,TONEV Aleksandar,6
2016,TOROSIDIS Vasilios,4
2016,TORREIRA Lucas,6
2016,TOTTI Francesco,13
2016,TRAJKOVSKI Aleksandar,11
2016,TROTTA Marcello,9
2016,VALDIFIORI Mirko,5
2016,VANGIONI Leonel,5
2016,VARGIC Ivan,1
2016,VECINO Matias,12
2016,VELOSO Miguel,8
2016,VERDI Simone,9
2016,VERMAELEN Thomas,9
2016,VERRE Valerio,6
2016,VESELI Frederic,5
2016,VISCOVO Aniello,1
2016,VITIELLO Roberto,3
2016,VITTURINI Davide,2
2016,VIVES Giuseppe,6
2016,VIVIANI Federico,9
2016,VIVIANO Emiliano,11
2016,WAGUE Molla,4
2016,WALLACE,7
2016,WIDMER Silvan,9
2016,ZAJC Miha,5
2016,ZAMBELLI Marco,3
2016,ZAMPANO Francesco,5
2016,ZAPATA Cristian,6
2016,ZAPATA Duvan,17
2016,ZAPPACOSTA Davide,6
2016,ZARATE Mauro,12
2016,ZIELINSKI Piotor,13
2016,ZIMA Lukas,1
2016,ZUKANOVIC Ervin,8
2016,ZUPARIC Dario,3
2015,ABATE Ignazio,7
2015,ABBIATI Christian,1
2015,ACERBI Francesco,9
2015,ACQUAFRESCA Robert,11
2015,ACQUAH Afriyie,5
2015,ADNAN Ali Kadhim,5
2015,AGUIRRE Rodrigo Sebastian Soto,5
2015,AJETI Arlind,4
2015,ALASTRA Fabrizio,1
2015,ALBERTAZZI Michelangelo,2
2015,ALBIOL Tortajada Raul,7
2015,ALEX Rodrigo Dias Da Costa,7
2015,ALEX SANDRO,13
2015,ALLAN Marques Loureiro,11
2015,ALONSO Mendoza Marcos,5
2015,ALVAREZ Ricardo,11
2015,ANDELKOVIC Sinisa,4
2015,ANSALDI Cristian,7
2015,ANTEI Luca,3
2015,ANTONELLI Luca,11
2015,ARIAUDO Lorenzo,3
2015,ARMERO Pablo,4
2015,ASAMOAH Kwadwo,6
2015,ASMAH Kojo,1
2015,ASTORI Davide,7
2015,AUDERO Emil,1
2015,AVELAR Danilo,8
2015,BABACAR Khouma,17
2015,BACCA Carlos,27
2015,BADELJ Milan,6
2015,BADU Emmanuel Agyemang,7
2015,BALIC Andrija,4
2015,BALOGH Norbert,4
2015,BALOTELLI Mario,21
2015,BARBA Federico,6
2015,BARDI Francesco,2
2015,BARRETO Edgar Osvaldo,11
2015,BARZAGLI Andrea,10
2015,BASELLI Daniele,8
2015,BASSI Davide,1
2015,BASTA Dusan,12
2015,BELEC Vid,1
2015,BELLINI Gianpaolo,4
2015,BELOTTI Andrea,18
2015,BENALOUANE Yohan,5
2015,BENASSI Marco,7
2015,BENUSSI Francesco,2
2015,BERARDI Domenico,27
2015,BERISHA Etrit,1
2015,BERNARDESCHI Federico,11
2015,BERNI Tommaso,1
2015,BERTOLACCI Andrea,14
2015,BERTONCINI Davide,2
2015,BIABIANY Jonathan,8
2015,BIANCHETTI Matteo,3
2015,BIANCO Raffaele,3
2015,BIGLIA Lucas Rodrigo,13
2015,BIONDINI Davide,5
2015,BIRSA Valter,6
2015,BISEVAC Milan,6
2015,BITTANTE Luca,5
2015,BIZZARRI Benjamin,11
2015,BLANCHARD Leonardo,6
2015,BLASZCZYKOWSKI Jakub,13
2015,BOATENG Kevin prince,13
2015,BONAVENTURA Giacomo,16
2015,BONAZZOLI Federico,8
2015,BONUCCI Leonardo,13
2015,BORGHINI Diego,1
2015,BORJA VALERO Iglesias,13
2015,BORRIELLO Marco,14
2015,BOVO Cesare,4
2015,BRAAFHEID Edson,4
2015,BRESSAN Walter,1
2015,BRIENZA Franco,15
2015,BRIGHI Matteo,6
2015,BRIGNOLI Alberto,1
2015,BRIVIO Davide,3
2015,BRKIC Zeljko,8
2015,BROH Jeremie,1
2015,BROZOVIC Marcelo,8
2015,BRUGMAN Gaston,5
2015,BUBNJIC Igor,3
2015,BUCHEL Marcel,5
2015,BUFFON Gianluigi,17
2015,BURDISSO Nicolas Andres,7
2015,CACCIATORE Fabrizio,4
2015,CACERES Martin,5
2015,CALABRIA Davide,1
2015,CALLEJON Jose' Maria Bueno,19
2015,CAMPORESE Michele,3
2015,CANDREVA Antonio,23
2015,CANNAVARO Paolo,5
2015,CAPEL Diego,9
2015,CAPRADOSSI Elio,1
2015,CARBONERO Carlos,8
2015,CARLINI Massimiliano,4
2015,CARMONA Carlos E.,5
2015,CARRIZO Juan Pablo,1
2015,CASSANI Mattia,6
2015,CASSANO Antonio,18
2015,CASTAN Leandro,7
2015,CASTELLAZZI Luca,1
2015,CASTILLO Nicolas,14
2015,CASTRO Lucas,11
2015,CATALDI Danilo,7
2015,CERCI Alessio,11
2015,CESAR Bostjan,4
2015,CHALOBAH Nathaniel,4
2015,CHECCHIN Luca,1
2015,CHERUBIN Nicolo',4
2015,CHIBSAH Yussie Raman,5
2015,CHIELLINI Giorgio,12
2015,CHIRICHES Vlad,6
2015,CHOCHEV Ivaylo,6
2015,CHRISTODOULOPOULOS Lazaros,7
2015,CIGARINI Luca,9
2015,CIOFANI Daniel,12
2015,CIOFANI Matteo,3
2015,CIONEK Thiago,6
2015,CISSOKHO Issa,4
2015,CODA Andrea,2
2015,COFIE Isaac,6
2015,COLOMBI Simone,1
2015,COMAN Kingsley,6
2015,CONSIGLI Andrea,10
2015,CONSTANT Kevin,4
2015,CONTI Andrea,2
2015,COPPOLA Ferdinando,1
2015,CORREA Joaquin,8
2015,COSIC Uros,3
2015,COSTA Andrea,4
2015,COSTA Filippo,3
2015,COSTA Tino,9
2015,CRIMI Marco,5
2015,CRISETIG Lorenzo,5
2015,CRISTANTE Bryan,5
2015,CRIVELLO Roberto,4
2015,CROCE Daniele,8
2015,CUADRADO Juan,18
2015,DA COSTA,1
2015,DAINELLI Dario,6
2015,D'ALESSANDRO Marco,5
2015,D'AMBROSIO Danilo,6
2015,DANILO Larangeira,10
2015,DAPRELA' Fabio,3
2015,DAVID LOPEZ Silva,7
2015,DE GUZMAN Jonathan,7
2015,DE JONG Nigel,8
2015,DE MAIO Sebastian,7
2015,DE ROON Marten,5
2015,DE ROSSI Daniele,11
2015,DE SANCTIS Morgan,2
2015,DE SCIGLIO Mattia,5
2015,DE SILVESTRI Lorenzo,9
2015,DE VRIJ Stefan,11
2015,DEFREL Gregoire,18
2015,DENIS German,17
2015,DESTRO Mattia,18
2015,DI GAUDIO Antonio,9
2015,DI NATALE Antonio,27
2015,DIAKHATE Abdou,1
2015,DIAKITE Mobido,5
2015,DIAMANTI Alessandro,17
2015,DIAWARA Amadou,1
2015,DIEGO LOPEZ Rodriguez,13
2015,DIGNE Lucas,7
2015,DIONISI Federico,14
2015,DIOUSSE' Assane,1
2015,DJIMSITI Berat,5
2015,DJORDJEVIC Filip,18
2015,DJURDJEVIC Uros,6
2015,DODO',4
2015,DOMIZZI Maurizio,6
2015,DONNARUMMA Antonio,1
2015,DONNARUMMA Gianluigi,1
2015,DONSAH Godfred,9
2015,DRAME' Boukary,4
2015,DUNCAN Joseph Alfred,6
2015,DYBALA Paulo,25
2015,DZEKO Edin,26
2015,DZEMAILI Blerim,12
2015,EDENILSON Andrade dos Santos,6
2015,EDER Citadin martins,22
2015,EL KADDOURI Omar,8
2015,EL KAOUTARI Abdelhamid,5
2015,EL SHAARAWY,17
2015,ELY Rodrigo,2
2015,EMANUELSON Urby,6
2015,EMERSON Palmieri Dos Santos,4
2015,EVRA Patrice,9
2015,FALCINELLI Diego,9
2015,FALCO Filippo,5
2015,FARES Mohamed,2
2015,FARNERUD Alexander,6
2015,FEDELE Matteo,4
2015,FELIPE,4
2015,FELIPE ANDERSON Pereira Gomes,24
2015,FERNANDES Bruno Miguel,8
2015,FERNANDEZ Matias,12
2015,FERNANDO Lucas Martin,8
2015,FERRARI Alex,2
2015,FIAMOZZI Riccardo,4
2015,FIGUEIRAS Diogo,6
2015,FLOCCARI Sergio,11
2015,FLORENZI Alessandro,12
2015,FLORO FLORES Antonio,13
2015,FRARA Alessandro,4
2015,FREULER Remo,6
2015,FREY Nicholas Sebastian,5
2015,FURMAN Dominik,3
2015,GABBIADINI Manolo,24
2015,GABRIEL SILVA Antunes Moises,5
2015,GABRIEL Vasconcelos Ferreira,1
2015,GAGLIARDINI Roberto,3
2015,GAGLIOLO Riccardo,6
2015,GAKPE' Serge,9
2015,GAMBERINI Alessandro,4
2015,GASTALDELLO Daniele,7
2015,GASTON SILVA Alexis Perdomo,2
2015,GAZZI Alessandro,4
2015,GAZZOLA Marcello,4
2015,GENTILETTI Santiago,8
2015,GERVINHO,14
2015,GHOULAM Faouzi,6
2015,GIACCHERINI Emanuele,14
2015,GILARDINO Alberto,22
2015,GILBERTO,5
2015,GIORGI Luigi,3
2015,GLIK kamil,14
2015,GNAHORE' Eddy,2
2015,GNOUKOURI Assane Demoya,4
2015,GOBBI Massimo,5
2015,GOLDANIGA Edoardo,4
2015,GOLLINI Pierluigi,1
2015,GOMEZ Alejandro,12
2015,GOMEZ Juan Ignacio Taleb,13
2015,GOMIS Lys,1
2015,GONZALEZ Giancarlo,8
2015,GORI Mirko,4
2015,GRASSI Alberto,2
2015,GRECO Leandro,5
2015,GUARIN Fredy,13
2015,GUCHER Robert,6
2015,GUERRIERI Guido,1
2015,GUILHERME Dos Santos Torres,5
2015,GYOMBER Norbert,3
2015,HALLFREDSSON Emil,11
2015,HAMSIK Marek,18
2015,HANDANOVIC Samir,14
2015,HELANDER Filip,5
2015,HERNANES,15
2015,HETEMAJ Perparim,6
2015,HEURTAUX Thomas,8
2015,HIGUAIN Gonzalo Gerardo,32
2015,HILJEMARK Oscar,5
2015,HOEDT Wesley,5
2015,HONDA Keisuke,9
2015,HYSAJ Elseid,5
2015,IAGO Falque,19
2015,ICARDI Mauro Emanuel,34
2015,ICHAZO Salvador,1
2015,ILICIC Josip,17
2015,IMMOBILE Ciro,25
2015,INGLESE Roberto,6
2015,INIGUEZ Gaspar,5
2015,INSIGNE Lorenzo,16
2015,IONITA Artur,6
2015,ISLA Mauricio,4
2015,ITURBE Juan,13
2015,ITURRA Manuel,4
2015,IVAN David,1
2015,IZCO Mariano,7
2015,IZZO Armando,6
2015,JAJALO Mato,4
2015,JANKOVIC Bosko,7
2015,JANSSON Pontus,3
2015,JORGINHO Jorge Luiz Frello,6
2015,JOVETIC Stevan,23
2015,JUAN Jesus,6
2015,KALINIC Nikola,20
2015,KARNEZIS Orestis,12
2015,KEITA Balde Diao,13
2015,KEITA Seydou,9
2015,KHEDIRA Sami,10
2015,KISHNA Ricardo,7
2015,KLOSE Miroslav,22
2015,KONDOGBIA Geoffrey,14
2015,KONE Panagiotis,9
2015,KONKO Abdoulay,3
2015,KOULIBALY Kalidou,7
2015,KRAFHT Emil,4
2015,KRAGL Oliver,5
2015,KRESIC Anton,1
2015,KRIVICIC Marko,1
2015,KRSTICIC Nenad,5
2015,KRUNIC Rade,3
2015,KUCKA Juray,7
2015,KURTIC Jasmin,6
2015,KUZMANOVIC Zdravko,7
2015,LA GUMINA Antonino,2
2015,LAMANNA Eugenio,1
2015,LARIBI Karim,5
2015,LASAGNA Kevin,10
2015,LAURINI Vincent,4
2015,LAXALT Diego Sebastian Suzrez,3
2015,LAZAAR Achraf,8
2015,LAZOVIC Darko,8
2015,LAZZARI Andrea,7
2015,LEALI Nicola,8
2015,LEMINA Mario,8
2015,LETIZIA Gaetano,5
2015,LEZZERINI Luca,1
2015,LICHTSTEINER Stephan,14
2015,LIOTTI Andrea,1
2015,LIVAJA Marko,15
2015,LJAJIC Adem,13
2015,LOBONT Bogdan,1
2015,LOCATELLI Manuel,2
2015,LODI Francesco,7
2015,LOLLO Lorenzo,4
2015,LONGHI Alessandro,4
2015,LONGO Samuele,13
2015,LUIZ ADRIANO,22
2015,LULIC Senad,11
2015,LUPERTO Sebastiano,1
2015,MACCARONE Massimo,19
2015,MAGGIO Christian,5
2015,MAGNANELLI Francesco,6
2015,MAICON Douglas Sisenando,10
2015,MAIELLO Raffaele,5
2015,MAIETTA Domenico,3
2015,MAKSIMOVIC Nikola,7
2015,MANAJ Rey,2
2015,MANCOSU Matteo,9
2015,MANDZUKIC Mario,25
2015,MANOLAS Konstantinos,11
2015,MARCHESE Giovanni,8
2015,MARCHETTI Federico,13
2015,MARCHISIO Claudio,14
2015,MARCONE Richard,1
2015,MARESCA Enzo,4
2015,MARIO RUI Silva Duarte,7
2015,MARQUEZ Rafael,6
2015,MARQUINHO,8
2015,MARRONE Luca,6
2015,MARTINELLI Luca,2
2015,MARTINEZ Josef Alexander,12
2015,MARTINHO Raphael,8
2015,MASIELLO Andrea,4
2015,MASINA Adam,3
2015,MATAVZ Tim,12
2015,MATOS,8
2015,MATRI Alessandro,14
2015,MATTIELLO Federico,4
2015,MATUZALEM Francelino,6
2015,MAURI Jose',5
2015,MAURI Stefano,15
2015,MAURICIO,4
2015,MAXI LOPEZ Gaston,17
2015,MBAKOGU Jerry,15
2015,MBAYE Ibrahima,5
2015,MCHEDLIDZE Levan,11
2015,MEDEL Gary,6
2015,MEGGIORINI Riccardo,13
2015,MELO Felipe,11
2015,MENEZ Jeremy,18
2015,MERET Alex,1
2015,MERKEL Alexander,4
2015,MERTENS Dries,17
2015,MESBAH Djamel,3
2015,MEXES Philippe,6
2015,MIGLIACCIO Giulio,3
2015,MILINKOVIC-SAVIC Sergej,5
2015,MIRANDA Joao,12
2015,MIRANTE Antonio,10
2015,MISSIROLI Simone,10
2015,MOISANDER Niklas,7
2015,MOLINARO Cristian,5
2015,MONACHELLO Gaetano,5
2015,MONTOLIVO Riccardo,7
2015,MONTOYA Martin,7
2015,MORALEZ Maxi,14
2015,MORAS Evangelos,7
2015,MORATA Alvaro Martin Borja,26
2015,MORETTI Emiliano,9
2015,MORGANELLA Michel,5
2015,MORLEO Archimede,4
2015,MORRISON Ravel,7
2015,MOUNIER Anthony,13
2015,MPOKU Paul Jose,15
2015,MUNOZ Ezequiel Matias,6
2015,MURIEL Luis Fernando,18
2015,MURILLO Jeison,8
2015,NAGATOMO Yuto,5
2015,NAINGGOLAN Radja,15
2015,NETO Norberto,1
2015,NIANG M'baye,15
2015,NOCERINO Antonio,4
2015,NTCHAM Olivier,3
2015,OBI Joel,3
2015,OIKONOMOU Marios,4
2015,ONAZI Ogenyi,4
2015,PADELLI Daniele,11
2015,PADOIN Simone,4
2015,PAGANINI Luca,5
2015,PALACIO Rodrigo,20
2015,PALETTA Gabriel Alejandro,6
2015,PALOMBO Angelo,6
2015,PALOSCHI Alberto,18
2015,PANDEV Goran,16
2015,PAREDES Leandro,4
2015,PAROLO Marco,18
2015,PASCIUTI Lorenzo,5
2015,PASQUAL Manuel,9
2015,PASQUALE Giovanni,3
2015,PATRIC,2
2015,PAVLOVIC Daniel,5
2015,PAVOLETTI Leonardo,16
2015,PAZZINI Giampaolo,15
2015,PEGOLO Gianluca,1
2015,PELAGOTTI Alberto,1
2015,PELLEGRINI Lorenzo,1
2015,PELLISSIER Sergio,13
2015,PELUSO Federico,6
2015,PEPE Simone,6
2015,PEREIRA Pedro,1
2015,PERES Bruno,11
2015,PEREYRA Roberto Maximiliano,12
2015,PERICA Stipe,7
2015,PERIN Mattia,14
2015,PERISAN Samuele,1
2015,PERISIC Ivan,20
2015,PEROTTI Diego,17
2015,PEZZELLA Giuseppe,3
2015,PINILLA Mauricio,18
2015,PINZI Giampiero,5
2015,PIRIS Ivan,5
2015,PIRRELLO Roberto,1
2015,PISANO Eros,4
2015,PIU Alessandro,2
2015,PJANIC Miralem,16
2015,POGBA Paul,22
2015,POLI Andrea,5
2015,POLI Fabrizio,3
2015,POLITANO Matteo,5
2015,POMINI Alberto,1
2015,POPA Razvan,1
2015,PORCARI Filippo,4
2015,POSAVEC Josip,1
2015,PRCIC Sanjin,6
2015,PRYIMA Vasyl,4
2015,PUCCIARELLI Manuel,13
2015,PUGGIONI Christian,1
2015,PUGLIESI Maurizio,1
2015,PULGAR Erick,6
2015,QUAGLIARELLA Fabio,23
2015,QUAISON Robin,7
2015,RADOVANOVIC Ivan,6
2015,RADU Stefan,8
2015,RADUNOVIC Boris,1
2015,RAFAEL Cabral Barbosa,1
2015,RAFAEL De Andrade,10
2015,RAIMONDI Cristian,5
2015,RANOCCHIA Andrea,8
2015,REBIC Ante,6
2015,REGINI Vasco,4
2015,REINA Jose' Manuel Paez,13
2015,RIGONI Luca,15
2015,RIGONI Nicola,3
2015,RINCON Tomas,7
2015,RISPOLI Andrea,6
2015,RIZZO Luca,6
2015,ROCCA Michele,1
2015,RODRIGUEZ Gonzalo,14
2015,ROMAGNOLI Alessio,10
2015,ROMAGNOLI Simone,4
2015,ROMO Rafael,1
2015,ROMULO,8
2015,RONALDO,6
2015,RONCAGLIA Facundo,4
2015,ROSI Aleandro,5
2015,ROSSETTINI Luca,6
2015,ROSSI Giuseppe,21
2015,RUBINHO Rubens Fernando,1
2015,RUDIGER Antonio,8
2015,RUGANI Daniele,7
2015,RUSSO Adriano,3
2015,SABELLI Stefano,6
2015,SADIQ Umar,4
2015,SALA Jacopo,8
2015,SALAH Mohamed,23
2015,SAMIR,3
2015,SAMMARCO Paolo,4
2015,SANSONE Nicola,14
2015,SANTON Davide,6
2015,SAPONARA Riccardo,19
2015,SARDO Gennaro,4
2015,SARR Mouhamadou,1
2015,SECULIN Andrea,1
2015,SEPE Luigi,10
2015,SIGNORELLI Franco,4
2015,SILIGARDI Luca,10
2015,SILVESTRE Matias,8
2015,SKORUPSKI Lukasz,9
2015,SKRINIAR Milan,4
2015,SODDIMO Danilo,8
2015,SORIANO Roberto,12
2015,SORRENTINO Stefano,10
2015,SOUPRAYEN Samuel,5
2015,SPOLLI Nicolas,6
2015,SPORTIELLO Marco,11
2015,STENDARDO Guglielmo,6
2015,STOJANOVIC Dejan,1
2015,STRINIC Ivan,5
2015,STROOTMAN Kevin,11
2015,STRUNA Aljaz,5
2015,STURARO Stefano,6
2015,SUAGHER Emanuele,3
2015,SUAREZ Mario,9
2015,SUSO,7
2015,SZCZESNY Wojciech,14
2015,TACHTSIDIS Panagiotis,6
2015,TAIDER Saphir,8
2015,TAMBE Alassane,3
2015,TATARUSANU Anton Ciprian,4
2015,TELLES Alex,9
2015,TELLO Cristian,13
2015,TERRANOVA Emanuele,4
2015,THEREAU Cyril,18
2015,TOLOI Rafael,7
2015,TOMOVIC Nenad,6
2015,TONELLI Lorenzo,12
2015,TONEV Aleksandar,6
2015,TONI Luca,29
2015,TOROSIDIS Vasilios,5
2015,TOTTI Francesco,20
2015,TRAJKOVSKI Aleksandar,7
2015,TROTTA Marcello,13
2015,UCAN Salih,3
2015,VAINQUEUR William,6
2015,VALDIFIORI Mirko,12
2015,VAZQUEZ Franco Damian,22
2015,VECINO Matias,7
2015,VERDE Daniele,11
2015,VERDI Simone,5
2015,VERDU Joan,12
2015,VITIELLO Roberto,4
2015,VIVES Giuseppe,5
2015,VIVIANI Federico,6
2015,VIVIANO Emiliano,13
2015,VRSALJKO Sime,9
2015,WAGUE Molla,5
2015,WALLACE,4
2015,WIDMER Silvan,11
2015,WILCZEK Kamil,11
2015,WINCK Claudio,5
2015,WSZOLEK Pawel,3
2015,ZACCAGNI Mattia,1
2015,ZACCARDO Cristian,3
2015,ZAMBELLI Marco,6
2015,ZAPATA Cristian,5
2015,ZAPATA Duvan,18
2015,ZAPPACOSTA Davide,12
2015,ZAPPINO Massimo,2
2015,ZARATE Mauro,14
2015,ZAZA Simone,16
2015,ZIELINSKI Piotor,5
2015,ZUCULINI Franco,4
2015,ZUKANOVIC Ervin,9
2015,ZUNIGA Juan Camilo,6
2014,ABATE Ignazio,7
2014,ABBIATI Christian,1
2014,ACERBI Francesco,4
2014,ACQUAH Afriyie,6
2014,AGLIARDI Federico,2
2014,AGOSTINI Alessandro,5
2014,AGUIRRE Rodrigo Sebastian Soto,10
2014,ALBIOL Tortajada Raul,11
2014,ALEX Rodrigo Dias Da Costa,14
2014,ALLAN Marques Loureiro,10
2014,ALONSO Mendoza Marcos,3
2014,AMAURI Carvalho De Oliveira,16
2014,ANDELKOVIC Sinisa,5
2014,ANDREOLLI Marco,4
2014,ANDUJAR Mariano Gonzalo,1
2014,ANTEI Luca,3
2014,ANTONELLI Luca,8
2014,ANTONINI Luca,6
2014,AQUILANI Alberto,16
2014,ARIAUDO Lorenzo,4
2014,ARMERO Pablo Estifer,7
2014,ASAMOAH Kwadwo,9
2014,ASTORI Davide,8
2014,AVELAR Danilo,4
2014,AVRAMOV Vlada,1
2014,BABACAR Khouma,13
2014,BADELJ Milan,6
2014,BADU Emmanuel Agyemang,11
2014,BALZANO Antonio,3
2014,BALZARETTI Federico,5
2014,BAMBA Souleymane,5
2014,BARBA Federico,2
2014,BARDI Francesco,8
2014,BARELLA Nicolo',1
2014,BARRETO Edgar Osvaldo,9
2014,BARZAGLI Andrea,14
2014,BASANTA Jose' Maria,6
2014,BASELLI Daniele,6
2014,BASHA Migjen,4
2014,BASSI Davide,8
2014,BASTA Dusan,13
2014,BELFODIL Ishak,14
2014,BELLINI Gianpaolo,2
2014,BELLOMO Nicola,5
2014,BELOTTI Andrea,16
2014,BENALOUANE Yohan,6
2014,BENASSI Marco,6
2014,BENEDETTI Simone,3
2014,BENUSSI Francesco,1
2014,BERARDI Domenico,26
2014,BERGDIC Zakarya,5
2014,BERGESSIO Gonzalo,18
2014,BERISHA Etrit,2
2014,BERNARDESCHI Federico,11
2014,BERTOLACCI Andrea,7
2014,BIABIANY Jonathan,14
2014,BIANCHI Rolando,11
2014,BIANCO Paolo,3
2014,BIAVA Giuseppe,8
2014,BIDAOUI Soufiane,5
2014,BIGLIA Lucas Rodrigo,7
2014,BIONDINI Davide,7
2014,BIRAGHI Cristiano,5
2014,BIRSA Valter,7
2014,BIZZARRI Benjamin,1
2014,BOAKYE Richmond Yiadom,12
2014,BOCCHETTI Salvatore,6
2014,BOLZONI Francesco,5
2014,BONAVENTURA Giacomo,15
2014,BONAZZOLI Federico,2
2014,BONERA Daniele,5
2014,BONUCCI Leonardo,12
2014,BORJA VALERO Iglesias,19
2014,BORRIELLO Marco,13
2014,BOTTA Ruben Alejandro Montero,8
2014,BOVO Cesare,6
2014,BRAAFHEID Edson,4
2014,BRESSAN Walter,1
2014,BRIENZA Franco,5
2014,BRIGHI Matteo,8
2014,BRILLANTE Joshua,3
2014,BRITOS Miguel Angel,5
2014,BRIVIO Davide,5
2014,BRKIC Zeljko,2
2014,BROZOVIC Marcelo,9
2014,BUBNJIC Igor,3
2014,BUFFON Gianluigi,16
2014,BURDISSO Nicolas Andres,7
2014,CACCIATORE Fabrizio,5
2014,CACERES Martin,6
2014,CAIO RANGEL Da Silva,3
2014,CALLEJON Jose' Maria Bueno,25
2014,CAMPAGNARO Hugo,6
2014,CAMPANHARO Gustavo,2
2014,CANA Lorik,7
2014,CANDREVA Antonio,19
2014,CANNAVARO Paolo,7
2014,CAPELLI Daniele,5
2014,CAPUANO Marco,5
2014,CARBONERO Carlos,7
2014,CARMONA Carlos E.,7
2014,CARRIZO Juan Pablo,1
2014,CASCIONE Emmanuel,7
2014,CASSANI Mattia,8
2014,CASSANO Antonio,23
2014,CASTAN Leandro,12
2014,CATALDI Danilo,3
2014,CAVANDA Luis Pedro,4
2014,CEPPITELLI Luca,5
2014,CERCI Alessio,23
2014,CESAR Bostjan,4
2014,CHERUBIN Nicolo',4
2014,CHIBSAH Yussie Raman,4
2014,CHIELLINI Giorgio,15
2014,CHOCHEV Ivaylo,4
2014,CHRISTIANSEN Anders,4
2014,CHRISTODOULOPOULOS Lazaros,7
2014,CIANI Michael,4
2014,CIGARINI Luca,10
2014,CODA Andrea,3
2014,CODA Massimo,4
2014,COFIE Isaac,4
2014,COLE Ashley,11
2014,COLOMBI Simone,8
2014,COMAN Kingsley,2
2014,CONSIGLI Andrea,11
2014,CONTI Daniele,10
2014,COP Duje,11
2014,COPPOLA Manuel,4
2014,CORREA Joaquin,5
2014,COSSU Andrea,8
2014,COSTA Andrea,4
2014,COSTA Tino,10
2014,CRAGNO Alessio,2
2014,CRISETIG Lorenzo,4
2014,CROCE Daniele,4
2014,CUADRADO Juan,22
2014,DAINELLI Dario,7
2014,DAL MONTE Nicola,1
2014,D'ALESSANDRO Marco,5
2014,D'AMBROSIO Danilo,5
2014,DANILO Larangeira,8
2014,DAPRELA' Fabio,4
2014,DARMIAN Matteo,11
2014,DAVID LOPEZ Silva,5
2014,DE CEGLIE Paolo,3
2014,DE FEUDIS Giuseppe,4
2014,DE GUZMAN Jonathan,9
2014,DE JONG Nigel,10
2014,DE MAIO Sebastian,6
2014,DE ROSSI Daniele,13
2014,DE SANCTIS Morgan,15
2014,DE SCIGLIO Mattia,8
2014,DE SILVESTRI Lorenzo,10
2014,DE VRIJ Stefan,12
2014,DEFREL Gregoire,11
2014,DEL GROSSO Cristiano,4
2014,DELLA ROCCA Francesco,3
2014,DENIS German,23
2014,DESSENA Daniele,5
2014,DESTRO Mattia,24
2014,DI NATALE Antonio,29
2014,DIAKITE Mobido,5
2014,DIAMANTI Alessandro,16
2014,DIEGO LOPEZ Rodriguez,13
2014,DJORDJEVIC Filip,17
2014,DJORDJEVIC Luka,5
2014,DJURIC Milan,6
2014,DODO',8
2014,DOMIZZI Maurizio,7
2014,DONKOR Isaac,1
2014,DONSAH Godfred,2
2014,DOUMBIA Seydou,22
2014,DRAME' Boukary,5
2014,DUNCAN Joseph Alfred,5
2014,DYBALA Paulo,15
2014,EDENILSON Andrade dos Santos,5
2014,EDER Citadin martins,20
2014,EDERSON Honorato Campos,5
2014,EKDAL Albin,7
2014,EL HAMDAOUI Mounir,6
2014,EL KADDOURI Omar,12
2014,EL SHAARAWY Stephan,21
2014,EMANUELSON Urby,7
2014,EMERSON Palmieri Dos Santos,4
2014,ESSIEN Michael,3
2014,ESTIGARRIBIA Marcelo,6
2014,ETO'O Samuel,23
2014,EVANGELISTA Lucas,4
2014,EVRA Patrice,11
2014,FARIAS Diego,8
2014,FARNERUD Alexander,6
2014,FEDATO Francesco,9
2014,FEDDAL Zouhair,2
2014,FELIPE ANDERSON Pereira Gomes,6
2014,FELIPE Dal Bello Dias Da Silva,4
2014,FERNANDES Bruno Miguel,13
2014,FERNANDEZ Matias,9
2014,FERNANDINHO,10
2014,FETFATZIDIS Ioannis,8
2014,FLOCCARI Sergio,13
2014,FLORENZI Alessandro,15
2014,FLORO FLORES Antonio,14
2014,FONTANESI Leonardo,2
2014,FREY Nicholas Sebastian,5
2014,FREZZOLINI Giorgio,1
2014,GABBIADINI Manolo,19
2014,GABRIEL SILVA Antunes Moises,11
2014,GALLOPPA Daniele,5
2014,GAMBERINI Alessandro,5
2014,GARGANO Walter,5
2014,GARRITANO Luca,10
2014,GASTALDELLO Daniele,9
2014,GASTON SILVA Alexis Perdomo,3
2014,GAZZI Alessandro,4
2014,GAZZOLA Marcello,4
2014,GEIJO Alexandre,4
2014,GENTILETTI Santiago,5
2014,GERVINHO,23
2014,GHEZZAL Abdelkader,5
2014,GHOULAM Faouzi,6
2014,GILARDINO Alberto,20
2014,GILLET Jean Francois,2
2014,GIORGI Luigi,6
2014,GIOVINCO Sebastian,14
2014,GLIK kamil,10
2014,GNOUKOURI Assane Demoya,4
2014,GOBBI Massimo,7
2014,GOLLINI Pierluigi,1
2014,GOMEZ Alejandro,14
2014,GOMEZ Juan Ignacio Taleb,14
2014,GOMEZ Mario Garcia,29
2014,GONZALEZ Alejandro Damian,5
2014,GONZALEZ Alvaro,7
2014,GONZALEZ Giancarlo,4
2014,GRASSI Alberto,1
2014,GRECO Leandro,7
2014,GUARIN Fredy,12
2014,GUILHERME Dos Santos Torres,5
2014,HALLBERG Melker,3
2014,HALLFREDSSON Emil,10
2014,HAMSIK Marek,20
2014,HANDANOVIC Samir,15
2014,HARASLIN Lukas,1
2014,HENRIQUE Adriano Buss,8
2014,HERNANES,16
2014,HETEMAJ Perparim,7
2014,HEURTAUX Thomas,9
2014,HIGUAIN Gonzalo Gerardo,34
2014,HOLEBAS Jose',5
2014,HONDA Keisuke,9
2014,HUGO ALMEIDA,13
2014,HYSAJ Elseid,4
2014,IACOBUCCI Alessandro,1
2014,IAGO Falque,5
2014,IBARBO Victor,15
2014,ICARDI Mauro Emanuel,25
2014,ILICIC Josip,13
2014,INLER Gokan,11
2014,INSIGNE Lorenzo,15
2014,IONITA Artur,4
2014,ITURBE Juan,21
2014,IZCO Mariano,6
2014,IZZO Armando,4
2014,JAJALO Mato,4
2014,JANKOVIC Bosko,8
2014,JANSSON Pontus,4
2014,JOAO PEDRO Galvao,4
2014,JOAO SILVA,8
2014,JOAQUIN Sanchez Rodriguez,10
2014,JONATHAN Cicero Moreira,10
2014,JORGINHO Jorge Luiz Frello,14
2014,JORQUERA Cristobal Andres Torres,4
2014,JUAN Jesus,8
2014,KARNEZIS Orestis,1
2014,KEITA Balde Diao,18
2014,KEITA Seydou,7
2014,KLOSE Miroslav,20
2014,KONE Panagiotis,11
2014,KONKO Abdoulay,5
2014,KOULIBALY Kalidou,5
2014,KOVACIC Mateo,11
2014,KRAJNC Luka,4
2014,KRHIN Rene,4
2014,KRSTICIC Nenad,7
2014,KUCKA Juray,9
2014,KURTIC Jasmin,8
2014,KUZMANOVIC Zdravko,4
2014,LAMANNA Eugenio,1
2014,LARRONDO Paez Marcelo,11
2014,LAURINI Vincent,3
2014,LAXALT Diego Sebastian Suzrez,3
2014,LAZAAR Achraf,5
2014,LAZAREVIC Dejan,5
2014,LAZZARI Andrea,5
2014,LEALI Nicola,8
2014,LEDESMA Cristian,8
2014,LESTIENNE Maxime,12
2014,LICHTSTEINER Stephan,16
2014,LILA Andi,4
2014,LJAJIC Adem,16
2014,LLORENTE Fernando Torres,27
2014,LODI Francesco,11
2014,LONGHI Alessandro,5
2014,LONGO Samuele,13
2014,LUCARELLI Alessandro,9
2014,LUCAS SOUZA Vieira,2
2014,LUCCHINI Stefano,6
2014,LULIC Senad,13
2014,MACCARONE Massimo,14
2014,MAGGIO Christian,6
2014,MAGNANELLI Francesco,5
2014,MAGNUSSON Hordur Bjorvin,2
2014,MAICON Douglas Sisenando,15
2014,MAKIENOK Simon,13
2014,MAKSIMOVIC Nikola,6
2014,MANDRAGORA Rolando,1
2014,MANGANI Thomas,5
2014,MANOLAS Konstantinos,10
2014,MARCHESE Giovanni,8
2014,MARCHETTI Federico,12
2014,MARCHIONNI Marco,7
2014,MARCHISIO Claudio,16
2014,MARESCA Enzo,7
2014,MARIGA McDonald,2
2014,MARILUNGO Guido,13
2014,MARIO RUI Silva Duarte,3
2014,MARQUES Rafael,4
2014,MARQUEZ Rafael,8
2014,MARTIC Ivan,4
2014,MARTINEZ Josef Alexander,12
2014,MASIELLO Andrea,2
2014,MASIELLO Salvatore,4
2014,MATRI Alessandro,19
2014,MATTIELLO Federico,1
2014,MAURI Jose',1
2014,MAURI Stefano,12
2014,MAURICIO,7
2014,MAXI LOPEZ Gaston,14
2014,MAZZOTTA Antonio,4
2014,MBAYE Ibrahima,4
2014,MCHEDLIDZE Levan,6
2014,MEDEL Gary,8
2014,MEGGIORINI Riccardo,12
2014,MENEZ Jeremy,16
2014,MERTENS Dries,22
2014,MESBAH Djamel,4
2014,MESTO Giandomenico,4
2014,MEXES Philippe,5
2014,MICHU Miguel Perez Cuesta,16
2014,MIGLIACCIO Giulio,4
2014,MIRANTE Antonio,12
2014,MISSIROLI Simone,6
2014,MOLINA Salvatore Andrea,4
2014,MOLINARO Cristian,9
2014,MONTOLIVO Riccardo,10
2014,MORALEZ Maxi,13
2014,MORAS Evangelos,6
2014,MORATA Alvaro Martin Borja,20
2014,MORETTI Emiliano,7
2014,MORGANELLA Michael,4
2014,MORO Davide,3
2014,MPOKU Paul Jose,8
2014,MUDINGAYI Gaby,5
2014,MUNOZ Ezequiel Matias,6
2014,MUNTARI Sulley,8
2014,MURIEL Luis Fernando,17
2014,MURRU Nicola,6
2014,MUSSIS Franco,4
2014,M'VILA Yann,7
2014,NAGATOMO Yuto,13
2014,NAINGGOLAN Radja,12
2014,NATALI Cesare,4
2014,NENE' Anderson Miguel,14
2014,NETO Norberto,13
2014,NGOYI Granddi,3
2014,NIANG M'baye,11
2014,NICA Constantin,3
2014,NICO LOPEZ,12
2014,NOCERINO Antonio,8
2014,NOVARETTI Diego Martin,4
2014,OBBADI Mounir,6
2014,OBI Joel,3
2014,OBIANG Pedro Mba,8
2014,OGBONNA Angelo,5
2014,OKAKA Stefano Chuka,16
2014,ONAZI Ogenyi,6
2014,OSVALDO Pablo Daniel,18
2014,PADELLI Daniele,11
2014,PADOIN Simone,4
2014,PALACIO Rodrigo,27
2014,PALETTA Gabriel Alejandro,10
2014,PALLADINO Raffaele,12
2014,PALOMBO Angelo,8
2014,PALOSCHI Alberto,20
2014,PAREDES Leandro,4
2014,PAROLO Marco,14
2014,PASQUAL Manuel,12
2014,PASQUALE Giovanni,3
2014,PAVOLETTI Leonardo,11
2014,PAZZINI Giampaolo,18
2014,PEDRO MENDES Teodosio Filipe,3
2014,PELLEGRINI Lorenzo,1
2014,PELLISSIER Sergio,11
2014,PELUSO Federico,6
2014,PEPE Simone,3
2014,PEREA Brayan Andres Vargas,9
2014,PEREIRINHA Bruno,4
2014,PERES Bruno,4
2014,PEREYRA Roberto Maximiliano,11
2014,PEREZ RUBEN Salvador Del Marmol,3
2014,PERICA Stipe,7
2014,PERICO Gabriele,4
2014,PERIN Mattia,12
2014,PEROTTI Diego,10
2014,PINILLA Mauricio,14
2014,PINZI Giampiero,7
2014,PIRIS Ivan,5
2014,PIRLO Andrea,16
2014,PISANO Eros,6
2014,PISANO Francesco,5
2014,PIZARRO David Marcelo Cortes,10
2014,PJANIC Miralem,18
2014,PODOLSKI Lukas,19
2014,POGBA Paul,18
2014,POLI Andrea,7
2014,POMINI Alberto,2
2014,POZZI Nicola,8
2014,PUCCIARELLI Manuel,5
2014,PULZETTI Nico,5
2014,PUSCAS George,1
2014,QUAGLIARELLA Fabio,20
2014,QUAISON Robin,3
2014,RADOVANOVIC Ivan,4
2014,RADU Stefan,8
2014,RAFAEL Cabral Barbosa,14
2014,RAFAEL De Andrade,10
2014,RAGUSA Antonino,6
2014,RAIMONDI Cristian,4
2014,RAMI Adil,11
2014,RANOCCHIA Andrea,12
2014,REGINI Vasco,6
2014,RENZETTI Francesco,6
2014,RICHARDS Micah,6
2014,RIGONI Luca,10
2014,RINCON Tomas,6
2014,RISPOLI Andrea,4
2014,RISTOVSKI Stefan,5
2014,RIZZO Luca,2
2014,RODRIGUEZ Alejandro De Miguel,9
2014,RODRIGUEZ Cristian,7
2014,RODRIGUEZ Gonzalo,14
2014,RODRIGUEZ Guillermo,5
2014,ROMAGNOLI Alessio,4
2014,ROMERO Sergio,1
2014,ROMULO,10
2014,RONCAGLIA Facundo,5
2014,ROSI Aleandro,6
2014,ROSSETI Valerio,8
2014,ROSSETTINI Luca,6
2014,RUGANI Daniele,7
2014,SALA Jacopo,5
2014,SALAH Mohamed,12
2014,SANABRIA Antonio,6
2014,SANCHEZ MINO Juan,7
2014,SANSONE Gianluca,13
2014,SANSONE Nicola,15
2014,SANTACROCE Fabiano,2
2014,SANTON Davide,6
2014,SAPONARA Riccardo,6
2014,SARDO Gennaro,5
2014,SAU Marco,19
2014,SAVIC Stevan,9
2014,SAVIOLA Javier,16
2014,SCALONI Lionel,2
2014,SCHELOTTO Matias Ezquiel,5
2014,SCUFFET Simone,11
2014,SEPE Luigi,2
2014,SHAQIRI Xherdan,20
2014,SIGNORELLI Franco,4
2014,SILVESTRE Matias,3
2014,SKORUPSKI Lukasz,1
2014,SOMMA Michele,1
2014,SORENSEN Frederic,2
2014,SORIANO Roberto,10
2014,SORRENTINO Stefano,10
2014,SPINAZZOLA Leonardo,2
2014,SPOLLI Nicolas,7
2014,SPORTIELLO Marco,1
2014,STENDARDO Guglielmo,7
2014,STORARI Marco,1
2014,STRINIC Ivan,6
2014,STROOTMAN Kevin,16
2014,STURARO Stefano,7
2014,SUCCI Davide,10
2014,SUSO,6
2014,TABANELLI Andrea,4
2014,TACHTSIDIS Panagiotis,6
2014,TAIDER Saphir,6
2014,TAMBE Alassane,4
2014,TATARUSANU Anton Ciprian,1
2014,TAVANO Francesco,16
2014,TERRANOVA Emanuele,8
2014,TERZI Claudio,5
2014,TEVEZ Carlos Alberto,35
2014,THEREAU Cyril,16
2014,TOMOVIC Nenad,8
2014,TONELLI Lorenzo,6
2014,TONI Luca,26
2014,TOROSIDIS Vasilios,6
2014,TORRES Fernando,23
2014,TOTTI Francesco,23
2014,UCAN Salih,5
2014,UJKANI Samir,1
2014,VALDIFIORI Mirko,5
2014,VALOTI Mattia,1
2014,VALZANIA Luca,1
2014,VAN GINKEL Marco,8
2014,VARELA Silvestre,9
2014,VARGAS Juan Manuel,11
2014,VAZQUEZ Franco Damian,10
2014,VECINO Matias,6
2014,VERDE Daniele,1
2014,VERDI Simone,7
2014,VIDAL Arturo,20
2014,VIDIC Nemanja,13
2014,VITALE Mattia,1
2014,VITIELLO Roberto,2
2014,VIVES Giuseppe,5
2014,VIVIANO Emiliano,3
2014,VOLTA Massimo,4
2014,VRSALJKO Sime,7
2014,WAGUE Molla,2
2014,WIDMER Silvan,6
2014,WSZOLEK Pawel,4
2014,YANGA MBIWA Mapou,6
2014,ZACCARDO Cristian,3
2014,ZAPATA Cristian,6
2014,ZAPATA Duvan,13
2014,ZAPPACOSTA Davide,3
2014,ZAZA Simone,17
2014,ZE' EDUARDO Jose' De Araujo,4
2014,ZIELINSKI Piotor,5
2014,ZUKANOVIC Ervin,6
2014,ZUNIGA Juan Camilo,12
2014,AGAZZI Micheal,2
2014,BAJZA Pavol,1
2014,BERNI Tommaso,1
2014,BIGGERI Matteo,1
2014,CARBONI Werther,1
2014,CASTELLAZZI Luca,1
2014,COLOMBO Roberto,1
2014,FRISON Alberto,1
2014,FULIGNATI Andrea,1
2014,ICHAZO Salvador,1
2014,LOBONT Bogdan,1
2014,LUPATELLI Cristiano,1
2014,MASSOLO Samuele,1
2014,MERET Alex,1
2014,PEGOLO Gianluca,7
2014,POLITO Ciro,1
2014,PUGGIONI Christian,2
2014,PUGLIESI Maurizio,1
2014,ROSATI Antonio,1
2014,RUBINHO Rubens Fernando,1
2014,SECULIN Andrea,1
2014,SOMMARIVA Daniele,1
2014,STRAKOSHA Thomas,1
2014,ALBERTAZZI Michelangelo,3
2014,BAGADUR Riccardo,1
2014,BOCHNIEWICZ Pawel,1
2014,MILANOVIC Milan,3
2014,MONTELEONE Davide,1
2013,ABATE Ignazio,7
2013,ABBIATI Christian,13
2013,ACERBI Francesco,5
2013,ACOSTY Boadu Maxwell,3
2013,ACQUAFRESCA Robert,11
2013,ACQUAH Afriyie,4
2013,ADAN Antonio,1
2013,ADRYAN Oliveira Tavares,4
2013,AGAZZI Micheal,11
2013,AGLIARDI Federico,1
2013,AGOSTINI Alessandro,5
2013,ALBERTAZZI Michelangelo,2
2013,ALBIOL Tortajada Raul,9
2013,ALDEGANI Gabriele,1
2013,ALDROVANDI Simone,1
2013,ALEXE Marius Silviu,12
2013,ALFARO Emiliano Toscano,5
2013,ALHASSAN Abass,2
2013,ALLAN Marques Loureiro,9
2013,ALMIRON Sergio,10
2013,ALONSO Mendoza Marcos,3
2013,ALVAREZ Pablo Sebastian,5
2013,ALVAREZ Ricardo,10
2013,AMAURI Carvalho De Oliveira,19
2013,AMBROSINI Massimo,7
2013,AMELIA Marco,1
2013,ANANIA Luca,1
2013,ANDERSON Luis de Abreu Oliveira,9
2013,ANDRADE David Nicolas,1
2013,ANDREOLLI Marco,5
2013,ANDUJAR Mariano Gonzalo,11
2013,ANTEI Luca,2
2013,ANTONELLI Luca,6
2013,ANTONINI Luca,3
2013,ANTONSSON Mikael,4
2013,AQUILANI Alberto,14
2013,ARDEMAGNI Matteo,10
2013,ARIAUDO Lorenzo,4
2013,ARMERO Pablo Estifer,9
2013,ASAMOAH Kwadwo,10
2013,ASTORI Davide,9
2013,AVELAR Danilo,5
2013,AVRAMOV Vlada,1
2013,BADU Emmanuel Agyemang,5
2013,BAJZA Pavol,1
2013,BAKIC Marko,1
2013,BALOTELLI Mario,34
2013,BALZARETTI Federico,7
2013,BARDI Francesco,10
2013,BARILLA' Antonino,4
2013,BARITI Davide,1
2013,BARRETO De Souza Paulo,9
2013,BARRIENTOS Pablo,14
2013,BARZAGLI Andrea,14
2013,BASELLI Daniele,4
2013,BASHA Migjen,4
2013,BASTA Dusan,16
2013,BASTOS Michel,11
2013,BASTRINI Alessandro,3
2013,BEHRAMI Valon,8
2013,BELECK Steve Leo A'Beka,3
2013,BELFODIL Ishak,18
2013,BELINGHERI Luca,7
2013,BELLINI Gianpaolo,4
2013,BELLOMO Nicola,6
2013,BELLUSCI Giuseppe,5
2013,BENALOUANE Yohan,4
2013,BENASSI Marco,5
2013,BENATIA Mehdi,10
2013,BENTIVOGLIO Simone,2
2013,BENUSSI Francesco,1
2013,BERARDI Domenico,14
2013,BERARDI Gaetano,3
2013,BERGESSIO Gonzalo,23
2013,BERISHA Etrit,1
2013,BERNARDINI Alessandro,4
2013,BERNI Tommaso,8
2013,BERTOLACCI Andrea,9
2013,BETANCOURT Ruben,3
2013,BIABIANY Jonathan,12
2013,BIAGIANTI Marco,5
2013,BIANCHETTI Matteo,3
2013,BIANCHI Rolando,17
2013,BIANCO Paolo,3
2013,BIAVA Giuseppe,7
2013,BIGLIA Lucas Rodrigo,7
2013,BIONDINI Davide,5
2013,BIRAGHI Cristiano,4
2013,BIRSA Valter,5
2013,BIZZARRI Benjamin,1
2013,BJARNASON Birkir,6
2013,BOATENG Kingsley,3
2013,BONAVENTURA Giacomo,16
2013,BONERA Daniele,4
2013,BONUCCI Leonardo,12
2013,BORJA VALERO Iglesias,16
2013,BORRIELLO Marco,16
2013,BOTTA Ruben Alejandro Montero,1
2013,BOVO Cesare,4
2013,BRADLEY Michael,5
2013,BRIENZA Franco,7
2013,BRIGHENTI Nicolo',1
2013,BRIGHI Matteo,7
2013,BRITOS Miguel Angel,4
2013,BRIVIO Davide,4
2013,BRKIC Zeljko,7
2013,BUBNJIC Igor,3
2013,BUFFON Gianluigi,16
2013,BURDISSO Nicolas Andres,6
2013,CABRAL Adilson Tavares Varela,4
2013,CABRERA Matias,4
2013,CACCIATORE Fabrizio,4
2013,CACERES Martin,5
2013,CACIA Daniele,15
2013,CALAIO' Emanuele,11
2013,CALELLO Adrian Daniel,3
2013,CALLEJON Jose' Maria Bueno,15
2013,CAMBIASSO Esteban Matias,8
2013,CAMPAGNARO Hugo,9
2013,CANA Lorik,5
2013,CANDREVA Antonio,16
2013,CANINI Michele,5
2013,CANNAVARO Paolo,10
2013,CAPRARI Gianluca,7
2013,CAPUANO Ciro,3
2013,CARBONI Werther,1
2013,CARMONA Carlos E.,7
2013,CARRIZO Juan Pablo,1
2013,CARUSO Simone,1
2013,CASSANI Mattia,4
2013,CASSANO Antonio,18
2013,CASTAN Leandro,8
2013,CASTELLAZZI Luca,1
2013,CASTELLINI Paolo,2
2013,CASTRO Lucas,11
2013,CAVANDA Luis Pedro,2
2013,CAZZOLA Riccardo,4
2013,CECCHERINI Federico,3
2013,CECH Marek,4
2013,CENTURION Ricardo,6
2013,CERCI Alessio,18
2013,CERRI Alberto,3
2013,CESAR,5
2013,CHERUBIN Nicolo,5
2013,CHIBSAH Yussie Raman,4
2013,CHIELLINI Giorgio,13
2013,CHRISTODOULOPOULOS Lazaros,5
2013,CIANI Michael,5
2013,CIGARINI Luca,10
2013,CIRIGLIANO Adrian Ezequiel,6
2013,CLAITON Dos Santos,3
2013,CODA Andrea,4
2013,COFIE Isaac,6
2013,COLOMBO Roberto,1
2013,COMPPER Marvin,5
2013,CONSIGLI Andrea,12
2013,CONSTANT Kevin,6
2013,CONTI Daniele,11
2013,COSSU Andrea,9
2013,COSTA Andrea,5
2013,CRESPO Jose Angel,2
2013,CRISTALDO Jonathan,10
2013,CRISTANTE Bryan,3
2013,CUADRADO Juan,16
2013,CURCI Gianluca,10
2013,DA COSTA,1
2013,DAINELLI Dario,6
2013,D'AMBROSIO Danilo,5
2013,DANILO Larangeira,9
2013,DARMIAN Matteo,5
2013,DE CEGLIE Paolo,3
2013,DE JONG Nigel,5
2013,DE LUCA Giuseppe,9
2013,DE LUCIA Alfonso,1
2013,DE MAIO Sebastian,4
2013,DE ROSSI Daniele,9
2013,DE SANCTIS Morgan,13
2013,DE SCIGLIO Mattia,9
2013,DE SILVESTRI Lorenzo,9
2013,DEL FABRO,2
2013,DEL GROSSO Cristiano,6
2013,DELLA ROCCA Francesco,4
2013,DENIS German,26
2013,DESSENA Daniele,6
2013,DESTRO Mattia,18
2013,DI NATALE Antonio,34
2013,DIAKITE' Modibo,4
2013,DIAMANTI Alessandro,19
2013,DIAS Andre,6
2013,DIONISI Federico,13
2013,DOBLAS Santana Antonio,1
2013,DODO',5
2013,DOMIZZI Maurizio,10
2013,DONADEL Marco,3
2013,DONATI Massimo,5
2013,DONNARUMMA Antonio,1
2013,DONSAH Godfred,1
2013,DOUGLAS SANTOS,3
2013,DOUKARA Souleymane,3
2013,DRAME' Boukary,5
2013,DUNCAN Joseph Alfred,3
2013,DZEMAILI Blerim,12
2013,EDER Citadin martins,15
2013,EDERSON Honorato Campos,7
2013,EKDAL Albin,8
2013,EL KADDOURI Omar,10
2013,EL SHAARAWY Stephan,25
2013,ELEZ Josip,1
2013,EMANUELSON Urby,4
2013,EMEGHARA Innocent,22
2013,EMERSON Ramos Borges,8
2013,ERAMO Mirko,4
2013,ERIKSSON Sebastian,2
2013,ESSIEN Michael,7
2013,ESTIGARRIBIA Marcelo,6
2013,FARIAS Diego Da Silva,5
2013,FARNERUD Alexander,5
2013,FEDATO Francesco,13
2013,FELIPE ANDERSON Pereira Gomes,13
2013,FELIPE Dal Bello Dias Da Silva,4
2013,FERNANDES Bruno Miguel,3
2013,FERNANDEZ Federico,3
2013,FERNANDEZ Matias,5
2013,FETFATZIDIS Ioannis,5
2013,FICARA Giuseppe,1
2013,FIORILLO Vincenzo,2
2013,FLOCCARI Sergio,12
2013,FLORENZI Alessandro,10
2013,FLORO FLORES Antonio,12
2013,FORNASIER Michele,2
2013,FREY Nicolas,5
2013,FREZZOLINI Giorgio,1
2013,FRIBERG John Erik Gunnar,4
2013,FRISON Alberto,1
2013,GABBIADINI Manolo,14
2013,GABRIEL Silva,6
2013,GABRIEL Vasconcelos Ferreira,1
2013,GALLOPPA Daniele,5
2013,GAMBERINI Alessandro,5
2013,GARGANO Walter,5
2013,GARICS Gyorgy,4
2013,GASTALDELLO Daniele,8
2013,GAVAZZI Davide,1
2013,GAZZI Alessandro,5
2013,GAZZOLA Marcello,5
2013,GEMITI Giuseppe,5
2013,GENTSOGLOU Savvas,3
2013,GERVINHO,16
2013,GHOULAM Faouzi,7
2013,GILARDINO Alberto,22
2013,GILLET Jean Francois,10
2013,GIORGI Luigi,7
2013,GIOVINCO Sebastian,16
2013,GLIK kamil,6
2013,GLIOZZI Ettore,3
2013,GOBBI Massimo,6
2013,GOMEZ Mario Garcia,32
2013,GOMEZ Taleb Juanito Iniacio,13
2013,GOMIS Lys,1
2013,GONZALEZ Alejandro Damian,5
2013,GONZALEZ Alvaro,8
2013,GRECO Leandro,5
2013,GUANA Roberto,3
2013,GUARENTE Tiberio,5
2013,GUARIN Fredy,14
2013,GYOMBER Norbert,2
2013,HALLFREDSSON Emil,7
2013,HAMSIK Marek,22
2013,HANDANOVIC Samir,14
2013,HEGAZY Ahmed,2
2013,HENRIQUE Adriano Buss,8
2013,HERNANES,20
2013,HETEMAJ Perparim,6
2013,HEURTAUX Thomas,5
2013,HIGUAIN Gonzalo Gerardo,33
2013,HONDA Keisuke,17
2013,IBARBO Victor,14
2013,IBRAIMI Agim,4
2013,IBSON Barreto da Silva,6
2013,ICARDI Mauro Emanuel,21
2013,IKONOMOU Marios,2
2013,ILICIC Josip,13
2013,IMMOBILE Ciro,16
2013,IMPROTA Riccardo,5
2013,INLER Gokan,13
2013,INSIGNE Lorenzo,16
2013,ISLA Mauricio,6
2013,ITURBE Juan,6
2013,IZCO Mariano Julio,8
2013,JADSON Alves Dos Santos,4
2013,JANKOVIC Bosko,11
2013,JANKOVIC Filip,2
2013,JEDVAJ Tin,5
2013,JOAQUIN Sanchez Rodriguez,9
2013,JONATHAN Cicero Moreira,3
2013,JORGINHO Jorge Luiz Frello,7
2013,JUAN Jesus,8
2013,KAKA' Ricardo,18
2013,KAKUTA Gael,10
2013,KEITA Balde Diao,2
2013,KEKO,8
2013,KELAVA Ivan,4
2013,KLOSE Miroslav,27
2013,KONATE' Moussa,8
2013,KONE Moussa,3
2013,KONE Panagiotis,12
2013,KONKO Abdoulay,8
2013,KOVACIC Mateo,11
2013,KRHIN Rene,4
2013,KRSTICIC Nenad,6
2013,KUCKA Juray,10
2013,KUPISZ Tomasz,3
2013,KURTIC Jasmin,5
2013,KUZMANOVIC Zdravko,6
2013,LAMBRUGHI Alessandro,5
2013,LANER Simon,4
2013,LARIBI Karim,2
2013,LARRONDO Paez Marcelo,11
2013,LAXALT Diego Sebastian Suzrez,2
2013,LAZAREVIC Dejan,3
2013,LAZZARI Andrea,6
2013,LEDESMA Cristian,10
2013,LEGROTTAGLIE Nicola,9
2013,LETO Sebastian Eduardo,10
2013,LICHTSTEINER Stephan,16
2013,LIVAJA Marko,12
2013,LJAJIC Adem,17
2013,LLORENTE Fernando Torres,23
2013,LOBONT Bogdan,2
2013,LODI Francesco,15
2013,LONGHI Alessandro,4
2013,LUCARELLI Alessandro,5
2013,LUCCHINI Stefano,6
2013,LUCI Andrea,5
2013,LULIC Senad,12
2013,LUPATELLI Cristiano,1
2013,MAGGIO Christian,12
2013,MAGNANELLI Francesco,4
2013,MAICON Douglas Sisenando,14
2013,MAICOSUEL Reginaldo De Matos,5
2013,MAIETTA Domenico,3
2013,MAKSIMOVIC Nikola,5
2013,MANFREDINI Thomas,6
2013,MANTOVANI Andrea,5
2013,MARCHESE Giovanni,5
2013,MARCHETTI Federico,14
2013,MARCHIONNI Marco,6
2013,MARCHISIO Claudio,16
2013,MARIGA McDonald,3
2013,MARILUNGO Guido,7
2013,MARQUES Rafael,3
2013,MARQUINHO,7
2013,MARRONE Luca,3
2013,MARTINHO Raphael Alves De Lima,10
2013,MARZORATI Lino,3
2013,MASIELLO Salvatore,4
2013,MASUCCI Gaetano,3
2013,MATOS Ryder,3
2013,MATRI Alessandro,15
2013,MATUZALEM Francelino da Silva,8
2013,MAURI Stefano,8
2013,MAXI LOPEZ Gaston,12
2013,MBAYE Ibrahima,2
2013,MEGGIORINI Riccardo,10
2013,MERTENS Dries,17
2013,MESBAH Djamel,3
2013,MESTO Giandomenico,3
2013,MEXES Philippe,8
2013,MIGLIACCIO Giulio,6
2013,MIGUEL BORJA,7
2013,MIHAYLOV Nikolay,2
2013,MILITO Diego,22
2013,MINALA Joseph Marie,2
2013,MIRANTE Antonio,11
2013,MISSIROLI Simone,8
2013,MLINAR Frano,2
2013,MOLINARO Cristian,5
2013,MONTOLIVO Riccardo,12
2013,MONZON Luciano Fabian,8
2013,MORALEZ Maxi,8
2013,MORAS Evangelos,4
2013,MORETTI Emiliano,6
2013,MORLEO Archimede,6
2013,MOSCARDELLI Davide,9
2013,MOSQUERA Jonny Ferney,4
2013,MOTTA Marco,3
2013,MUDINGAYI Gaby,4
2013,MUNARI Gianni,5
2013,MUNTARI Sulley,6
2013,MURIEL Luis Fernando,22
2013,MURRU Nicola,5
2013,MUSTAFI Shkodran,3
2013,NAGATOMO Yuto,7
2013,NAINGGOLAN Radja,10
2013,NALDO Edinaldo Gomes Pereira,3
2013,NATALI Cesare,4
2013,NENE' Anderson Miguel,11
2013,NETO,11
2013,NIANG M'Baye,12
2013,NICA Constantin,2
2013,NICO LOPEZ,9
2013,NOCERINO Antonio,6
2013,NOVARETTI Diego Martin,6
2013,OBI Joel,3
2013,OBIANG Pedro Mba,8
2013,OBINNA Victor,13
2013,OGBONNA Angelo,7
2013,OKAKA Stefano Chuka,7
2013,ONAZI Ogenyi,4
2013,OSVALDO Pablo Daniel,21
2013,PADELLI Daniele,2
2013,PADOIN Simone,4
2013,PALACIO Rodrigo,25
2013,PALETTA Gabriel Alejandro,11
2013,PALLADINO Raffaele,8
2013,PALOMBO Angelo,7
2013,PALOSCHI Alberto,14
2013,PAMIC Manuel,6
2013,PANDEV Goran,17
2013,PAPONI Daniele,2
2013,PAPP Paul,4
2013,PAREDES Leandro,6
2013,PAROLO Marco,8
2013,PASQUAL Manuel,13
2013,PASQUALE Giovanni,5
2013,PAULINHO Sergio Betanin,18
2013,PAVARINI Nicola,1
2013,PAVOLETTI Leonardo,8
2013,PAZIENZA Michele,3
2013,PAZZINI Giampaolo,20
2013,PEDRO MENDES Teodosio Filipe,2
2013,PEGOLO Gianluca,3
2013,PELLISSIER Sergio,13
2013,PELUSO Federico,6
2013,PEPE Simone,5
2013,PEREA Brayan Andres Vargas,5
2013,PEREIRA Alvaro,6
2013,PEREIRINHA Bruno,4
2013,PEREYRA Roberto Maximiliano,12
2013,PEREZ Diego,3
2013,PERICO Gabriele,3
2013,PERILLI Simone,1
2013,PERIN Mattia,10
2013,PERUZZI Gino,4
2013,PETAGNA Andrea,5
2013,PETKOVIC Bruno,2
2013,PICCINI Cristiano,4
2013,PILLUD Ivan Alexis,5
2013,PINILLA Mauricio,17
2013,PINZI Giampiero,7
2013,PIRLO Andrea,17
2013,PISANO Francesco,5
2013,PIZARRO David Marcelo Cortes,12
2013,PJANIC Miralem,13
2013,PLASIL Jaroslav,5
2013,POGBA Paul,15
2013,POLI Andrea,8
2013,POLITO Ciro,1
2013,POMINI Alberto,2
2013,PORTANOVA Daniele,6
2013,POSTIGA Helder,14
2013,POZZI Nicola,13
2013,PUCINO Raffaele,4
2013,PUGGIONI Christian,10
2013,QUAGLIARELLA Fabio,15
2013,RABUSIC Michael,8
2013,RADOSEVIC Josip,2
2013,RADOVANOVIC Ivan,4
2013,RADU Stefan,8
2013,RAFAEL Cabral Barbosa,2
2013,RAFAEL D.A.,9
2013,RAFATI Jami,1
2013,RAIMONDI Cristian,5
2013,RAMI Adil,11
2013,RANEGIE Mathias,8
2013,RANOCCHIA Andrea,9
2013,REBIC Ante,11
2013,REGINI Vasco,4
2013,REINA Jose' Manuel Paez,14
2013,RENAN Garcia,3
2013,REVEILLERE Anthony,4
2013,RIGONI Luca,7
2013,RINAUDO Fabian,3
2013,RINAUDO Leandro,4
2013,ROBINHO Robson de Souza,14
2013,RODRIGUEZ Federico Martin,2
2013,RODRIGUEZ Gonzalo,17
2013,RODRIGUEZ Guillermo,4
2013,RODRIGUEZ Matias,5
2013,ROLANDO,5
2013,ROLIN Alexis,4
2013,ROMAGNOLI Alessio,3
2013,ROMULO,4
2013,RONCAGLIA Facundo,7
2013,ROSATI Antonio,8
2013,ROSI Aleandro,5
2013,ROSSETTINI Luca,7
2013,ROSSI Giuseppe,20
2013,ROSSINI Jonathan,4
2013,RUBIN Matteo,5
2013,RUBINHO,1
2013,SALA Jacopo,6
2013,SALAMON Bartosz,5
2013,SAMPIRISI Mario,3
2013,SAMUEL Walter,10
2013,SANABRIA Antonio,5
2013,SANSONE Gianluca,13
2013,SANSONE Nicola,14
2013,SANTANA Mario Alberto,8
2013,SAPONARA Riccardo,8
2013,SARDO Gennaro,4
2013,SAU Marco,22
2013,SAVIC Stevan,8
2013,SCALONI Lionel,2
2013,SCHELOTTO Matias Ezquiel,5
2013,SCHIATTARELLA Pasquale,4
2013,SCUFFET Simone,1
2013,SCULLI Giuseppe,2
2013,SESTU Alessio,8
2013,SILIGARDI Luca,14
2013,SILVESTRE Matias,5
2013,SILVESTRI Marco,1
2013,SKORUPSKI Lukasz,1
2013,SORENSEN Frederic,6
2013,SORIANO Roberto,3
2013,SPOLLI Nicolas,6
2013,SPORTIELLO Marco,1
2013,SQUIZZI Lorenzo,1
2013,STENDARDO Guglielmo,7
2013,STOIAN Adrian,7
2013,STOJANOVIC Dejan,1
2013,STORARI Marco,1
2013,STRAKOSHA Thomas,1
2013,STROOTMAN Kevin,13
2013,STURARO Stefano,1
2013,TAARABT Adel,10
2013,TABANELLI Andrea,5
2013,TACHTSIDIS Panagiotis,7
2013,TADDEI Rodrigo,3
2013,TAIDER Saphir,8
2013,TERRANOVA Emanuele,9
2013,TEVEZ Carlos Alberto,30
2013,THEREAU Cyril,17
2013,TOLOI Rafael,6
2013,TOMOVIC Nenad,6
2013,TONI Luca,16
2013,TOROSIDIS Vasilios,4
2013,TOTTI Francesco,25
2013,UVINI Bruno Bortolanca,2
2013,VALDES Jaime Andres Zapata,10
2013,VALENTINI Nahuel,4
2013,VARGAS Juan Manuel,5
2013,VECINO Matias,2
2013,VERGARA Jherson Amu,2
2013,VESOVIC Marko,3
2013,VIDAL Arturo,19
2013,VIVES Giuseppe,3
2013,VRSALJKO Sime,6
2013,VUCINIC Mirko,20
2013,VUTOV Antonio,2
2013,WALLACEOliveira dos Santos,3
2013,WIDMER Silvan,3
2013,WOLSKI Rafal,3
2013,WSZOLEK Pawel,4
2013,YAKOVENKO Oleksandr,9
2013,YEBDA Hassan,5
2013,YEPES Mario Alberto Diaz,6
2013,ZACCARDO Cristian,3
2013,ZANETTI Javier,3
2013,ZAPATA Cristian,7
2013,ZAPATA Duvan,12
2013,ZAZA Simone,16
2013,ZIEGLER Reto,5
2013,ZIELINSKI,6
2013,ZUNIGA Juan Camilo,7
2012,ABATE Ignazio,9
2012,ABBIATI Christian,14
2012,ABBRUSCATO Elvis,13
2012,ABERO Mathias,4
2012,ACERBI Francesco,7
2012,ACQUAFRESCA Robert,16
2012,ACQUAH Afriyie,2
2012,AGAZZI Micheal,10
2012,AGLIARDI Federico,2
2012,AGRA Salvador,3
2012,ALLAN Marques Loureiro,8
2012,ALMIRON Sergio,9
2012,ALVAREZ Pablo Sebastian,4
2012,ALVAREZ Ricardo,9
2012,AMAURI Carvalho De Oliveira,18
2012,AMBROSINI Massimo,8
2012,AMELIA Marco,2
2012,AMPUERO Alvaro,3
2012,ANDREOLLI Marco,6
2012,ANDUJAR Mariano Gonzalo,2
2012,ANEDDA Riccardo,1
2012,ANELKA Nicolas,17
2012,ANGELLA Gabriele,2
2012,ANGELO Mariano de Almeida,3
2012,ANSELMO de Moraes,2
2012,ANTONELLI Luca,5
2012,ANTONINI Luca,5
2012,ANTONSSON Mikael,4
2012,AQUILANI Alberto,9
2012,ARIAUDO Lorenzo,5
2012,ARMERO Pablo Estifer,11
2012,ARONICA Salvatore,3
2012,ASAMOAH Kwadwo,11
2012,ASHONG Nii,1
2012,ASTORI Davide,10
2012,AUGUSTYN Blazej,1
2012,AVELAR Danilo,6
2012,AVRAMOV Vlada,1
2012,BADU Emmanuel Agyemang,5
2012,BAJZA Pavol,1
2012,BAKIC Marko,1
2012,BALOTELLI Mario,30
2012,BALZANO Antonio,3
2012,BALZARETTI Federico,12
2012,BARRETO De Souza Paulo,9
2012,BARRETO Edgar,8
2012,BARRIENTOS Pablo,14
2012,BARZAGLI Andrea,15
2012,BASHA Migjen,4
2012,BASTA Dusan,17
2012,BATTOCCHIO Cristian,2
2012,BEHRAMI Valon,10
2012,BELEC Vid,1
2012,BELFODIL Ishak,10
2012,BELLINI Gianpaolo,4
2012,BELLUSCI Giuseppe,3
2012,BELMONTE Nicola,1
2012,BELTRAME Stefano,2
2012,BENALOUANE Yohan,2
2012,BENASSI Marco,1
2012,BENATIA Mehdi,10
2012,BENDTNER Nicklas,18
2012,BENTIVOGLIO Simone,2
2012,BENUSSI Francesco,1
2012,BERARDI Gaetano,2
2012,BERGESSIO Gonzalo,17
2012,BERNI Tommaso,1
2012,BERTOLACCI Andrea,6
2012,BERTOLO Nicolas,8
2012,BIABIANY Jonathan,13
2012,BIAGIANTI Marco,5
2012,BIANCHI ARCE Nicolas,3
2012,BIANCHI Rolando,16
2012,BIAVA Giuseppe,6
2012,BIONDINI Davide,8
2012,BIRSA Valter,5
2012,BIZZARRI Benjamin,1
2012,BJARNASON Birkir,5
2012,BLASI Manuele,4
2012,BOATENG Kevin Prince,16
2012,BOCCHETTI Antonio,3
2012,BOGDANI Erjon,10
2012,BOJAN Krkic,15
2012,BOLZONI Francesco,5
2012,BONAVENTURA Giacomo,12
2012,BONERA Daniele,5
2012,BONUCCI Leonardo,10
2012,BORJA VALERO Iglesias,11
2012,BORRIELLO Marco,13
2012,BOSELLI Mauro,13
2012,BOVO Cesare,3
2012,BRADLEY Michael,8
2012,BRICHETTO Giacomo,1
2012,BRIENZA Franco,11
2012,BRIGHI Matteo,6
2012,BRITOS Miguel Angel,5
2012,BRIVIO Davide,7
2012,BRKIC Zeljko,11
2012,BROCCHI Christian,5
2012,BUDAN Igor,13
2012,BUFFON Gianluigi,16
2012,BURDISSO Nicolas Andres,9
2012,CABRERA Matias,4
2012,CACERES Martin,8
2012,CACERES Pablo,6
2012,CALAIO' Emanuele,17
2012,CALELLO Adrian,5
2012,CAMBIASSO Esteban Matias,10
2012,CAMPAGNARO Hugo,6
2012,CAMPORESE Michele,2
2012,CAMPOS TORO Matias Daniel,7
2012,CANA Lorik,5
2012,CANDREVA Antonio,8
2012,CANI Edgar,8
2012,CANINI Michele,6
2012,CANNAVARO Paolo,7
2012,CAPELLI Daniele,2
2012,CAPRARI Gianluca,14
2012,CAPUANO Ciro,4
2012,CAPUANO Marco,7
2012,CARAGLIO Milton,13
2012,CARMONA Carlos E.,5
2012,CARRIZO Juan Pablo,1
2012,CARVALHO Roger,2
2012,CASARINI Federico,2
2012,CASCIONE Emmanuel,8
2012,CASSANI Mattia,7
2012,CASSANO Antonio,17
2012,CASTAN Leandro,7
2012,CASTELLAZZI Luca,1
2012,CASTELLINI Paolo,2
2012,CASTRO Lucas,4
2012,CATALANO Giovanbattista,1
2012,CAVANDA Luis Pedro,1
2012,CAVANI Edinson,33
2012,CAZZOLA Riccardo,6
2012,CELIK Mervan,4
2012,CERCI Alessio,12
2012,CERRI Alberto,2
2012,CESAR Bostjan,4
2012,CETTO Mauro Dario Jesus,2
2012,CEVALLOS Jose' Francisco,4
2012,CHERUBIN Nicolo,4
2012,CHIARETTI Lucas,2
2012,CHIELLINI Giorgio,16
2012,CHIVU Cristian,5
2012,CHRISTODOULOPOULOS Lazaros,4
2012,CIANI Michael,8
2012,CIGARINI Luca,9
2012,CODA Andrea,2
2012,COFIE Isaac,3
2012,COLOMBO Roberto,1
2012,COLUCCI Giuseppe,5
2012,COMPPER Marvin,5
2012,CONSIGLI Andrea,12
2012,CONSTANT Kevin,5
2012,CONTI Daniele,6
2012,CONTINI Matteo,4
2012,COPPOLA Ferdinando,2
2012,COPPOLA Manuel,2
2012,COSIC Uros,3
2012,COSSU Andrea,15
2012,COSTA Andrea,3
2012,COUTINHO Philippe,10
2012,CRECCO Luca,1
2012,CRUZADO Rinaldo,4
2012,CUADRADO Juan,9
2012,CURCI Gianluca,9
2012,DA COSTA,1
2012,DA SILVA Victor,2
2012,D'AGOSTINO Gaetano,12
2012,DAINELLI Dario,1
2012,D'AMBROSIO Danilo,4
2012,DANILO Larangeira,10
2012,DARMIAN Matteo,3
2012,DE CEGLIE Paolo,7
2012,DE JONG Nigel,9
2012,DE LUCA Giuseppe,12
2012,DE ROSSI Daniele,14
2012,DE SANCTIS Morgan,13
2012,DE SCIGLIO Mattia,3
2012,DE SILVESTRI Lorenzo,6
2012,DEL FABRO,1
2012,DEL GROSSO Cristiano,4
2012,DELLA ROCCA Francesco,3
2012,DELLAFIORE Pablo Hernan,3
2012,DENIS German,25
2012,DESSENA Daniele,6
2012,DESTRO Mattia,22
2012,DI CESARE Valerio,3
2012,DI FRANCESCO Federico,2
2012,DI MICHELE David,14
2012,DI NATALE Antonio,35
2012,DIAKITE' Mobido,5
2012,DIAMANTI Alessandro,19
2012,DIAS Andre,8
2012,DIDAC Vila,4
2012,DIOP Abou,2
2012,DJIBY N'Diaye,1
2012,DODO',6
2012,DOMIZZI Maurizio,8
2012,DONADEL Marco,1
2012,DONATI Massimo,8
2012,DONNARUMMA Antonio,1
2012,DOSSENA Andrea,7
2012,DOUKARA Souleymane,2
2012,DRAME' Boukary,6
2012,DYBALA Paulo,14
2012,DZEMAILI Blerim,10
2012,EDER Citadin martins,16
2012,EDERSON Honorato Campos,12
2012,EKDAL Albin,7
2012,EL HAMDAOUI Mounir,16
2012,EL KADDOURI Omar,5
2012,EL SHAARAWY Stephan,14
2012,EMANUELSON Urby,7
2012,EMEGHARA Innocent,7
2012,ERIKSSON Sebastian,1
2012,ESTIGARRIBIA Marcelo,7
2012,FABBRINI Diego,10
2012,FARAONI Marco,3
2012,FARELLI Simone,1
2012,FARKAS Pavol,2
2012,FAURLIN Alejandro,9
2012,FELIPE Da Silva Dalbelo Dias,2
2012,FERNANDEZ Federico,4
2012,FERNANDEZ Matias,9
2012,FERRI Michele,2
2012,FERRONETTI Damiano,2
2012,FLAMINI Mathieu,3
2012,FLOCCARI Sergio,12
2012,FLORENZI Alessandro,3
2012,FLORO FLORES Antonio,13
2012,FOGGIA Pasquale,6
2012,FORMICA Mauro,9
2012,FREY Nicolas,5
2012,FREY Sebastian,9
2012,FREZZOLINI Giorgio,1
2012,FRISON Alberto,9
2012,GABBIADINI Manolo,13
2012,GABRIEL Da Silva,2
2012,GABRIEL Vasconcelos Ferreira,1
2012,GALLOPPA Daniele,8
2012,GAMBERINI Alessandro,6
2012,GARCIA Santiago,2
2012,GARGANO Walter,7
2012,GARICS Gyorgy,5
2012,GARRITANO Luca,3
2012,GASTALDELLO Daniele,9
2012,GAVAZZI Davide,1
2012,GAZZI Alessandro,7
2012,GIACCHERINI Emanuele,8
2012,GILARDINO Alberto,18
2012,GILLET Jean Francois,10
2012,GIMENEZ Henry Damian,7
2012,GIORGI Luigi,5
2012,GIOVINCO Sebastian,20
2012,GLIK kamil,3
2012,GOBBI Massimo,6
2012,GOICOECHEA Mauro Daniele,1
2012,GOMEZ Alejandro,12
2012,GOMIS Alfred,1
2012,GONZALEZ Alvaro,7
2012,GRANQVIST Andreas,7
2012,GRAVA Gianluca,1
2012,GRILLO Fabrizio,5
2012,GUANA Roberto,4
2012,GUARENTE Tiberio,4
2012,GUARIN Fredy,14
2012,HALLENIUS,2
2012,HAMSIK Marek,22
2012,HANDANOVIC Samir,15
2012,HAUCHE Gabriel,13
2012,HEGAZY Ahmed,3
2012,HERNANDEZ Abel,17
2012,HERNANES,16
2012,HERTAUX Thomas,5
2012,HETEMAJ Perparim,6
2012,IAQUINTA Vincenzo,10
2012,IBARBO Victor,16
2012,ICARDI Mauro Emanuel,2
2012,ILICIC Josip,11
2012,IMMOBILE Ciro,17
2012,INLER Gokan,12
2012,INSIGNE Lorenzo,15
2012,ISLA Mauricio,12
2012,IZCO Mariano Julio,6
2012,JANKOVIC Bosko,13
2012,JOKIC Bojan,3
2012,JONATHAN Cicero Moreira,4
2012,JONATHAS,15
2012,JORQUERA Cristobal,7
2012,JOVETIC Stevan,24
2012,JUAN Jesus,2
2012,KABASELE Nathan,4
2012,KEKO,2
2012,KLOSE Miroslav,25
2012,KONE Panagiotis,5
2012,KONKO Abdoulay,8
2012,KOVACIC Mateo,10
2012,KOZAK Libor,8
2012,KRAJNC,1
2012,KRHIN Rene,5
2012,KROLDRUP Pier,5
2012,KRSTICIC Nenad,3
2012,KUCKA Juray,7
2012,KURTIC Jasmin,3
2012,KUZMANOVIC Zdravko,12
2012,LABRIN Carlos,2
2012,LAMELA Erik,17
2012,LARRIVEY Joaquin,10
2012,LARRONDO Paez Marcelo,8
2012,LAZZARI Andrea,8
2012,LEDESMA Cristian,11
2012,LEGROTTAGLIE Nicola,13
2012,LICHTSTEINER Stephan,13
2012,LIVAJA Marko,1
2012,LJAJIC Adem,5
2012,LLAMA Christian Ezequeil,2
2012,LOBONT Bogdan,1
2012,LODI Francesco,18
2012,LUCARELLI Alessandro,7
2012,LUCCA Jonathan,1
2012,LUCCHINI Stefano,7
2012,LUCIANO Siqueira de Oliveira,6
2012,LUCIO,9
2012,LULIC Senad,13
2012,LUND NIELSEN Matti,4
2012,LUPATELLI Cristiano,1
2012,MACEACHEN Emilio,1
2012,MAGGIO Christian,12
2012,MAICOSUEL Reginaldo De Matos,9
2012,MALELE,2
2012,MANFREDINI Thomas,6
2012,MANNINI Daniele,6
2012,MANTOVANI Andrea,8
2012,MARCHESE Giovanni,9
2012,MARCHETTI Federico,11
2012,MARCHIONNI Marco,5
2012,MARCHISIO Claudio,17
2012,MARESCA Enzo,11
2012,MARIGA McDonald,2
2012,MARILUNGO Guido,10
2012,MARINI Federico,1
2012,MARQUINHO,9
2012,MARQUINHOS,3
2012,MARRONE Luca,2
2012,MARTINEZ Jara,1
2012,MASIELLO Andrea,1
2012,MASIELLO Salvatore,2
2012,MATHEU Carlos,3
2012,MATRI Alessandro,18
2012,MATUZALEM Francelino,4
2012,MAURI Stefano,5
2012,MAXI LOPEZ Gaston,19
2012,MBAYE Ibrahima,2
2012,MEGGIORINI Riccardo,11
2012,MELAZZI Leonardo,4
2012,MENGA Dolly,6
2012,MERKEL Alexander,9
2012,MESBAH Djamel,3
2012,MESTO Giandomenico,4
2012,MEXES Philippe,8
2012,MICCOLI Fabrizio,26
2012,MIGLIACCIO Giulio,7
2012,MILITO Diego,31
2012,MIRANTE Antonio,10
2012,MODESTO Francesco,5
2012,MONTOLIVO Riccardo,11
2012,MORALEZ Maxi,16
2012,MORETTI Emiliano,3
2012,MORGANELLA Michel,4
2012,MORIMOTO Takayuki,11
2012,MORLEO Archimede,4
2012,MORRONE Stefano,5
2012,MOSCARDELLI Davide,10
2012,MOTTA Marco,3
2012,MUDINGAYI Gaby,7
2012,MUNARI Gianni,6
2012,MUNOZ Ezequiel,5
2012,MUNTARI Sulley,3
2012,MURIEL Luis Fernando,15
2012,MURRU Nicola,1
2012,MUSACCI Gianluca,1
2012,MUSTAFI Shkodran,1
2012,NADAREVIC Enis,4
2012,NAGATOMO Yuto,10
2012,NAINGGOLAN Radja,9
2012,NALDO,3
2012,NASTASIC Matija,6
2012,NATALI Cesare,7
2012,NELSON Tomar,8
2012,NENE' Anderson Miguel,11
2012,NETO,1
2012,NETO Luis,3
2012,NIANG M'Baye,8
2012,NICO LOPEZ,1
2012,NINIS Sotiris,6
2012,NOCERINO Antonio,15
2012,OBI Joel,6
2012,OBIANG Pedro Mba,5
2012,OGBONNA Angelo,11
2012,OLIVERA Ruben,5
2012,ONAZI Ogenyi,1
2012,OSVALDO Pablo Daniel,23
2012,PABON Dorlan,15
2012,PACI Massimo,3
2012,PADELLI Daniele,1
2012,PADOIN Simone,4
2012,PAGLIALUNGA,2
2012,PALACIO Rodrigo,23
2012,PALETTA Gabriel Alejandro,13
2012,PALLADINO Raffaele,7
2012,PALMA Antonio,1
2012,PALOMBO Angelo,6
2012,PALOSCHI Alberto,13
2012,PANDEV Goran,17
2012,PAOLUCCI Michele,4
2012,PAPONI Daniele,5
2012,PAPP Paul,6
2012,PAROLO Marco,8
2012,PARRA Facundo,14
2012,PASA Simone,1
2012,PASQUAL Manuel,8
2012,PASQUALE Giovanni,5
2012,PASQUATO Cristian,4
2012,PATO Alexandre,23
2012,PAVARINI Nicola,2
2012,PAWLOWSKI Wojaciech,1
2012,PAZIENZA Michele,3
2012,PAZZINI Giampaolo,16
2012,PEGOLO Gianluca,9
2012,PELIZZOLI Ivo,1
2012,PELLISSIER Sergio,16
2012,PELUSO Federico,9
2012,PEPE Simone,11
2012,PEREIRA Alvaro,12
2012,PEREIRINHA Bruno,5
2012,PEREYRA Roberto Maximiliano,4
2012,PEREZ Diego,6
2012,PERICO Gabriele,2
2012,PERIN Mattia,2
2012,PERROTTA Simone,4
2012,PINILLA Mauricio,21
2012,PINZI Giampiero,9
2012,PIRIS Ivan,4
2012,PIRLO Andrea,18
2012,PISANO Eros,4
2012,PISANO Francesco,5
2012,PISCITELLA Giammario,4
2012,PIZARRO David Marcelo Cortes,6
2012,PJANIC Miralem,11
2012,POGBA Paul,2
2012,POLI Andrea,7
2012,POLITO Ciro,1
2012,PORTANOVA Daniele,4
2012,POTENZA Alessandro,3
2012,POULSEN Simon,7
2012,POZZI Nicola,14
2012,PUGGIONI Christian,2
2012,PULZETTI Nico,3
2012,QUAGLIARELLA Fabio,17
2012,QUINTERO Juan Fernando,3
2012,RADOSEVIC Josip,2
2012,RADOVANOVIC Ivan,2
2012,RADU Stefan,6
2012,RAIMONDI Cristian,4
2012,RANEGIE Mathias,9
2012,RANOCCHIA Andrea,8
2012,REGINALDO,7
2012,RENAN Garcia,4
2012,RICCHIUTI Adrian,3
2012,RIGONI Luca,8
2012,RIGONI Marco,14
2012,RINAUDO Leandro,2
2012,RIOS Arevalo,8
2012,RIVEROLA Marti,3
2012,RIZZO Giuseppe,4
2012,ROBINHO Robson de Souza,18
2012,ROCCHI Tommaso,11
2012,RODRIGUEZ Diego Martin,3
2012,RODRIGUEZ Gonzalo,7
2012,RODRIGUEZ Guillermo,3
2012,RODRIGUEZ Matias,7
2012,RODRIGUEZ Ribair,4
2012,ROLANDO,10
2012,ROLIN Alexis,5
2012,ROMAGNOLI Alessio,1
2012,ROMAGNOLI Simone,4
2012,ROMERO Sergio German,10
2012,ROMULO Souza Orestes Caldeira,1
2012,RONCAGLIA Facundo,10
2012,ROSATI Antonio,1
2012,ROSI Aleandro,5
2012,ROSINA Alessandro,8
2012,ROSSETTINI Luca,6
2012,ROSSI Giuseppe,15
2012,ROSSI Marco,11
2012,ROSSINI Jonathan,4
2012,ROZZI Antonio,1
2012,RUBIN Matteo,4
2012,RUBINHO,1
2012,SAHA Louis,11
2012,SAID,3
2012,SALAMON Bartosz,6
2012,SALIFU Amidu,4
2012,SAMASSA Mamadou,8
2012,SAMPIRISI Mario,1
2012,SAMUEL Walter,11
2012,SANSEVERINO Giulio,3
2012,SANSONE Gianluca,16
2012,SANSONE Nicola,1
2012,SANTACROCE Fabiano,2
2012,SANTANA Mario Alberto,10
2012,SARDO Gennaro,5
2012,SAU Marco,15
2012,SAVELLONI Luca,1
2012,SAVIC Stevan,5
2012,SCALONI Lionel,2
2012,SCHELOTTO Matias Ezquiel,9
2012,SCIACCA Fabio,2
2012,SCOZZARELLA Matteo,1
2012,SCULLI Giuseppe,8
2012,SEFEROVIC Haris,3
2012,SESTU Alessio,2
2012,SEYMOUR Felipe Ignacio,3
2012,SFORZINI Ferdinando,13
2012,SGRIGNA Alessandro,8
2012,SILVESTRE Matias,15
2012,SISSOKO Mohammed,8
2012,SNEIJDER Wesley,20
2012,SODDIMO Danilo,2
2012,SORENSEN Frederic,4
2012,SORIANO Roberto,2
2012,SORRENTINO Stefano,11
2012,SOWE Ali,1
2012,SPENDLHOFER Lukas,2
2012,SPERDUTI Mauricio,10
2012,SPOLLI Nicolas,7
2012,SPYROPOULOS Nikos,4
2012,SQUIZZI Lorenzo,1
2012,STANKEVICIUS Marius,3
2012,STANKOVIC Dejan,4
2012,STEKELENBURG Maarten,11
2012,STENDARDO Guglielmo,2
2012,STEVANOVIC Alen,6
2012,STILLO Robert,1
2012,STOIAN Adrian,2
2012,STOJANOVIC Dejan,1
2012,STORARI Marco,1
2012,STRAKOSHA Thomas,1
2012,STRASSER Rodney,1
2012,SVEDKAUSKAS Tomas,1
2012,TACHTSIDIS Panagiotis,6
2012,TADDEI Rodrigo,5
2012,TAIDER Saphir,4
2012,TEIXEIRA Jorge,4
2012,TERLIZZI Christian,7
2012,TERRACCIANO Pietro,1
2012,TERZI Claudio,5
2012,THEREAU Cyril,15
2012,THIAGO Ribeiro,13
2012,TISSONE Fernando,6
2012,TOGNI Romulo Eugenio,3
2012,TOMOVIC Nenad,5
2012,TONI Luca,7
2012,TOROSIDIS Vasilios,6
2012,TOTTI Francesco,27
2012,TOZSER Daniel,6
2012,TRAORE Bakaye,7
2012,TROISI James,2
2012,TZORVAS Alexandros,1
2012,UJKANI Samir,10
2012,UVINI Bruno,4
2012,VACEK Kamil,3
2012,VALDES Jaime Andres Zapata,10
2012,VALIANI Francesco,5
2012,VARGAS Eduardo,9
2012,VARGAS Juan,10
2012,VERDI Simone,3
2012,VERGASSOLA Simone,8
2012,VERRE Valerio,1
2012,VIDAL Arturo,15
2012,VIOLA Nicolas,3
2012,VITIELLO Roberto,4
2012,VITTIGLIO Marco,2
2012,VIVES Giuseppe,4
2012,VIVIANO Emiliano,12
2012,VON BERGEN Steve,4
2012,VUCINIC Mirko,22
2012,VUKUSIC Ante,14
2012,WEISS Vladimir,10
2012,WILLIANS Domingo Fernandes,7
2012,WOLSKI Rafal,5
2012,YEPES Mario Alberto,5
2012,ZACCARDO Cristian,12
2012,ZAHAVI Eran,5
2012,ZANETTI Javier Aldemar,8
2012,ZANON Damiano,5
2012,ZAPATA Cristian,8
2012,ZARATE Mauro Matias,13
2012,ZAURI Luciano,1
2012,ZE EDUARDO de Almeida,9
2012,ZIELINSKI,1
2012,ZUNIGA Juan Camilo,9
2011,ABATE Ignazio,8
2011,ABBIATI Christian,16
2011,ABDI Almen,5
2011,ACERBI Francesco,7
2011,ACQUAFRESCA Robert,19
2011,ACQUAH Afriyie,2
2011,AGLIARDI Federico,1
2011,AGOSTINI Alessandro,6
2011,AGUIRREGARAY Matias,4
2011,ALMIRON Sergio,9
2011,ALVAREZ Edgar,4
2011,ALVAREZ Pablo Sebastian,6
2011,ALVAREZ Ricardo,13
2011,AMAURI Carvalho De Oliveira,16
2011,AMBROSINI Massimo,9
2011,AMELIA Marco,2
2011,ANDREOLLI Marco,7
2011,ANGELO Mariano de Almeida,6
2011,ANTONELLI Luca,9
2011,ANTONINI Luca,5
2011,ANTONSSON Mikael,5
2011,AQUILANI Alberto,12
2011,ARIAUDO Lorenzo,3
2011,ARMERO Pablo Estifer,12
2011,ARONICA Salvatore,2
2011,ASAMOAH Kwadwo,12
2011,ASTORI Davide,12
2011,AVRAMOV Vlada,1
2011,BABACAR Khouma El,4
2011,BACINOVIC Armin,8
2011,BADU Emmanuel Agyemang,3
2011,BALZARETTI Federico,16
2011,BARRETO De Souza Paulo,19
2011,BARRETO Edgar,6
2011,BARRIENTOS Pablo,2
2011,BARZAGLI Andrea,8
2011,BASTA Dusan,1
2011,BEHRAMI Valon,9
2011,BELLINI Gianpaolo,4
2011,BELLUSCI Giuseppe,2
2011,BELMONTE Nicola,3
2011,BENALOUANE Yohan,1
2011,BENASSI Massimiliano,1
2011,BENATIA Mehdi,9
2011,BENUSSI Francesco,1
2011,BERGESSIO Gonzalo,16
2011,BERTOLACCI Andrea,6
2011,BERTOLO Nicolas,2
2011,BIABIANY Jonathan,9
2011,BIAGIANTI Marco,7
2011,BIAVA Giuseppe,9
2011,BIONDINI Davide,9
2011,BIRSA Valter,12
2011,BIZZARRI Benjamin,1
2011,BLASI Manuele,5
2011,BOATENG Kevin Prince,12
2011,BOGDANI Erjon,8
2011,BOJAN Krkic,24
2011,BOLZONI Francesco,7
2011,BONAVENTURA Giacomo,9
2011,BONERA Daniele,3
2011,BONUCCI Leonardo,8
2011,BORINI Fabio,8
2011,BORRIELLO Marco,19
2011,BORUC Artur,11
2011,BOVO Cesare,12
2011,BRADLEY Michael,6
2011,BRANDAO Goncalo Jardim,3
2011,BRIENZA Franco,15
2011,BRIGHI Matteo,5
2011,BRITOS Miguel Angel,7
2011,BRIVIO Davide,5
2011,BROCCHI Christian,5
2011,BUFFON Gianluigi,13
2011,BURDISSO Nicolas Andres,8
2011,CALAIO' Emanuele,17
2011,CAMBIASSO Esteban Matias,16
2011,CAMPAGNARO Hugo,6
2011,CAMPORESE Michele,3
2011,CANA Lorik,9
2011,CANDREVA Antonio,9
2011,CANINI Michele,8
2011,CANNAVARO Paolo,7
2011,CAPELLI Daniele,4
2011,CAPUANO Ciro,6
2011,CARACCIOLO Andrea,22
2011,CARMONA Carlos E.,5
2011,CARROZZIERI Moris,5
2011,CASARINI Federico,4
2011,CASSANI Mattia,11
2011,CASSANO Antonio,16
2011,CASTAIGNOS Luc,5
2011,CASTELLAZZI Luca,1
2011,CATELLANI Andrea,3
2011,CAVANDA Luis Pedro,2
2011,CAVANI Edinson,34
2011,CECCARELLI Luca,3
2011,CENTURIONI Matteo,1
2011,CEPPELINI Pablo,2
2011,CERCI Alessio,16
2011,CESAR Bostjan,7
2011,CETTO Mauro Dario Jesus,3
2011,CHERUBIN Nicolo,3
2011,CHIELLINI Giorgio,17
2011,CHIVU Cristian,6
2011,CIGARINI Luca,4
2011,CISSE Djibril,20
2011,CODA Andrea,2
2011,CODREA Paul Costantin,3
2011,COLUCCI Giuseppe,7
2011,COMOTTO Gianluca,6
2011,CONSIGLI Andrea,9
2011,CONSTANT Kevin,10
2011,CONTI Daniele,11
2011,CONTINI Matteo,6
2011,CORDOBA Ivan Ramiro,3
2011,CORVIA Daniele,15
2011,COSER Achille,1
2011,COSSU Andrea,18
2011,COUTINHO Philippe,3
2011,CRESPO Hernan,19
2011,CRESPO Jos Angel Rincon,7
2011,CRUZADO Rinaldo,7
2011,CUADRADO Juan,6
2011,CURCI Gianluca,1
2011,D'AGOSTINO Gaetano,14
2011,DAINELLI Dario,8
2011,DANILO Larangeira,7
2011,DE CEGLIE Paolo,6
2011,DE ROSSI Daniele,15
2011,DE SILVESTRI Lorenzo,8
2011,DEL GROSSO Cristiano,6
2011,DEL NERO Simone,2
2011,DEL PIERO Alessandro,18
2011,DELLA ROCCA Francesco,6
2011,DELLAFIORE Pablo Hernan,3
2011,DELVECCHIO Gennaro,3
2011,DENIS German,14
2011,DESTRO Mattia,14
2011,DI MATTEO Luca,1
2011,DI MICHELE David,16
2011,DI NATALE Antonio,35
2011,DI VAIO Marco,25
2011,DIAKITE' Mobido,2
2011,DIAMANTI Alessandro,13
2011,DIAS Andre,9
2011,DJOKOVIC Damian,2
2011,DOMIZZI Maurizio,7
2011,DOSSENA Andrea,10
2011,DRAME' Boukary,5
2011,DZEMAILI Blerim,10
2011,EDER Citadin martins,16
2011,EKDAL Albin,3
2011,EKSTRAND Joel,1
2011,EL KABIR Moestafa,15
2011,EL SHAARAWY Stephan,4
2011,ELIA Eljiero,14
2011,EMANUELSON Urby,5
2011,ESPOSITO Andrea,5
2011,ESTIGARRIBIA Marcelo,8
2011,FABBRINI Diego,5
2011,FELIPE Da Silva Dalbelo Dias,2
2011,FELTSCHER Rolf,1
2011,FERNANDEZ Federico,4
2011,FERRARIO Stefano,3
2011,FERREIRA PINTO Adriano,4
2011,FERRI Michele,2
2011,FERRONETTI Damiano,2
2011,FIDELEFF Ignacio david,5
2011,FLAMINI Mathieu,7
2011,FLOCCARI Sergio,16
2011,FLORO FLORES Antonio,18
2011,FORLAN Diego,30
2011,FREY Nicolas,3
2011,GABBIADINI Manolo,14
2011,GAGO Fernando,8
2011,GALLOPPA Daniele,8
2011,GAMBERINI Alessandro,8
2011,GARCIA Santiago,4
2011,GARGANO Walter,5
2011,GARICS Gyorgy,2
2011,GARRIDO Javier,2
2011,GATTUSO Gennaro Ivan,8
2011,GAZZI Alessandro,6
2011,GEMITI Giuseppe,5
2011,GHEZZAL Abdelkader,12
2011,GIACCHERINI Emanuele,16
2011,GIACOMAZZI Guillermo,7
2011,GIANDONATO Manuel,3
2011,GILARDINO Alberto,28
2011,GILLET Jean Francois,9
2011,GIMENEZ Henry Damian,12
2011,GIORGI Luigi,6
2011,GIOVINCO Sebastian,20
2011,GOBBI Massimo,7
2011,GOMEZ Alejandro,11
2011,GONZALEZ Alvaro,3
2011,GONZALEZ PABLO,11
2011,GOZZI Simone,2
2011,GRANOCHE Pablo,13
2011,GRANQVIST Andreas,5
2011,GRAVA Gianluca,2
2011,GRECO Leandro,3
2011,GROSSI Paolo,3
2011,GROSSMULLER Carlos Javier,6
2011,GROSSO Fabio,1
2011,GUANA Roberto,5
2011,HAMSIK Marek,24
2011,HANDANOVIC Samir,13
2011,HEINZE Gabriel,5
2011,HERNANDEZ Abel,18
2011,HERNANES,23
2011,HETEMAJ Perparim,8
2011,IAQUINTA Vincenzo,6
2011,IBARBO Victor,6
2011,IBRAHIMOVIC Zlatan,36
2011,ILICIC Josip,17
2011,INLER Gokan,13
2011,INZAGHI Filippo,6
2011,ISLA Mauricio,12
2011,IZCO Mariano Julio,7
2011,JANKOVIC Bosko,4
2011,JEDA Capucho Neves,12
2011,JOKIC Bojan,7
2011,JONATHAN Cicero Moreira,5
2011,JORQUERA Cristobal,5
2011,JOSE ANGEL,8
2011,JOVETIC Stevan,18
2011,JUAN Silveira dos Santos,9
2011,JULIO CESAR Soares De Espinola,15
2011,KALADZE Kakha,8
2011,KHARJA Houssine,8
2011,KJAER Simon,11
2011,KLOSE Miroslav,25
2011,KONE Panagiotis,7
2011,KONKO Abdoulay,10
2011,KOSICKY Tomas,1
2011,KOZAK Libor,6
2011,KRASIC Milos,16
2011,KRHIN Rene,3
2011,KUCKA Juray,12
2011,LAMELA Erik,16
2011,LANZAFAME Davide,8
2011,LARRIVEY Joaquin,1
2011,LARRONDO Paez Marcelo,9
2011,LAURO Maurizio,6
2011,LAVEZZI Ezequiel,23
2011,LAZZARI Andrea,10
2011,LEDESMA Cristian,10
2011,LEDESMA Pablo Martin,8
2011,LEGROTTAGLIE Nicola,4
2011,LICHTSTEINER Stephan,9
2011,LISUZZO Andrea,6
2011,LJAJIC Adem,11
2011,LLAMA Christian Ezequeil,8
2011,LOBONT Bogdan,1
2011,LODI Francesco,15
2011,LORES VARELA Ignacio,4
2011,LORIA Simone,3
2011,LUCARELLI Alessandro,7
2011,LUCARELLI Cristiano,3
2011,LUCCHINI Stefano,8
2011,LUCIANO Siqueira de Oliveira,6
2011,LUCIO,14
2011,LUDI Carlo Alberto,2
2011,LULIC Senad,4
2011,MAGGIO Christian,12
2011,MAICON Douglas,18
2011,MALONGA Dominic,10
2011,MANDELLI Davide,2
2011,MANFREDINI Thomas,2
2011,MANNINI Daniele,4
2011,MANTOVANI Andrea,9
2011,MARCHESE Giovanni,2
2011,MARCHETTI Federico,12
2011,MARCHIONNI Marco,4
2011,MARCHISIO Claudio,9
2011,MARIANINI Francesco,3
2011,MARIGA McDonald,4
2011,MARILUNGO Guido,12
2011,MARQUES Fernando,6
2011,MARRONE Luca,1
2011,MARTINEZ Jorge Andres,7
2011,MARTINHO Raphael,6
2011,MASCARA Giuseppe,11
2011,MASIELLO Andrea,7
2011,MATRI Alessandro,29
2011,MATUZALEM Francelino,4
2011,MAURI Stefano,16
2011,MAXI LOPEZ Gaston,26
2011,MAZZARANI Andrea,10
2011,MEGGIORINI Riccardo,16
2011,MERKEL Alexander,3
2011,MESBAH Djamel,8
2011,MESTO Giandomenico,4
2011,MEXES Philippe,7
2011,MICCOLI Fabrizio,22
2011,MIGLIACCIO Giulio,7
2011,MILANOVIC Milan,7
2011,MILITO Diego,20
2011,MODESTO Francesco,4
2011,MONTOLIVO Riccardo,12
2011,MORALEZ Maxi,9
2011,MORERO Santiago,2
2011,MORETTI Emiliano,1
2011,MORGANELLA Michel,6
2011,MORIMOTO Takayuki,19
2011,MORLEO Archimede,5
2011,MORRONE Stefano,6
2011,MOSCARDELLI Davide,14
2011,MOTTA Marco,2
2011,MUDINGAYI Gaby,6
2011,MUNARI Gianni,8
2011,MUNOZ Ezequiel,5
2011,MUNTARI Sulley,4
2011,MURIEL Luis Fernando,4
2011,MUTU Adrian,27
2011,NAGATOMO Yuto,10
2011,NAINGGOLAN Radja,12
2011,NASTASIC Matija,3
2011,NATALI Cesare,3
2011,NENE' Anderson Miguel,16
2011,NESTA Alessandro,15
2011,NETO,1
2011,NEUTON,2
2011,NOCERINO Antonio,11
2011,NWANKWO Obiorah,2
2011,OBI Joel,1
2011,OBODO Christian,3
2011,ODDO Massimo,1
2011,OFERE Edward,9
2011,OKAKA Stefano,3
2011,OLIVERA Ruben,9
2011,OSVALDO Pablo Daniel,20
2011,PACI Massimo,5
2011,PADOIN Simone,11
2011,PALACIO Rodrigo,24
2011,PALETTA Gabriel Alejandro,6
2011,PALLADINO Raffaele,9
2011,PALOSCHI Alberto,4
2011,PANDEV Goran,10
2011,PAPONI Daniele,5
2011,PAROLO Marco,12
2011,PASQUAL Manuel,7
2011,PASQUALE Giovanni,2
2011,PASQUATO Cristian,1
2011,PATO Alexandre,31
2011,PAVARINI Nicola,1
2011,PAZIENZA Michele,6
2011,PAZZINI Giampaolo,30
2011,PEGOLO Gianluca,1
2011,PELLE' Graziano,15
2011,PELLISSIER Sergio,21
2011,PELUSO Federico,4
2011,PEPE Simone,9
2011,PEREYRA Roberto Maximiliano,4
2011,PEREZ Diego,8
2011,PERICO Gabriele,1
2011,PERROTTA Simone,10
2011,PESCE Simone,4
2011,PESOLI Emanuele,2
2011,PETRACHI Davide,1
2011,PIATTI Ignacio,9
2011,PINARDI Alex,4
2011,PINILLA Mauricio,22
2011,PINZI Giampiero,7
2011,PIRLO Andrea,13
2011,PISANO Eros,5
2011,PISANO Francesco,6
2011,PIZARRO David Marcelo Cortes,9
2011,PJANIC Miralem,11
2011,POLI Andrea,5
2011,PORCARI Filippo,6
2011,PORTANOVA Daniele,7
2011,POTENZA Alessandro,2
2011,PRATTO Lucas,19
2011,PUGGIONI Christian,4
2011,PULZETTI Nico,5
2011,QUAGLIARELLA Fabio,20
2011,RADOVANOVIC Ivan,2
2011,RADU Stefan,7
2011,RAGGI Andrea,5
2011,RAIMONDI Cristian,4
2011,RAMIREZ Gaston,15
2011,RANOCCHIA Andrea,17
2011,RAVAGLIA Nicola,1
2011,REGINALDO Ferreira,7
2011,RENNELLA Vincenzo,6
2011,RICCHIUTI Adrian,6
2011,RIGONI Luca,7
2011,RIGONI Marco,8
2011,ROBINHO Robson de Souza,23
2011,ROCCHI Tommaso,7
2011,RODRIGUEZ Guillermo,5
2011,ROMULO Souza Orestes Caldeira,4
2011,ROSATI Antonio,2
2011,ROSI Aleandro,1
2011,ROSSETTINI Luca,4
2011,ROSSI Andrea,3
2011,ROSSI Marco,6
2011,RUBIN Matteo,7
2011,RUBINO Raffaele,3
2011,RUI SAMPAIO,2
2011,SAMMARCO Paolo,3
2011,SAMUEL Walter,11
2011,SANTACROCE Fabiano,4
2011,SANTANA Mario Alberto,9
2011,SANTIAGO Silva,14
2011,SARDO Gennaro,7
2011,SCALONI Lionel,1
2011,SCHELOTTO Matias Ezquiel,7
2011,SCIACCA Fabio,2
2011,SCULLI Giuseppe,9
2011,SEEDORF Clarence,11
2011,SEFEROVIC Haris,1
2011,SESTU Alessio,7
2011,SEYMOUR Felipe Ignacio,7
2011,SILVESTRE Matias,15
2011,SIMPLICIO Fabio Henrique,7
2011,SNEIJDER Wesley,20
2011,SORENSEN Frederic,2
2011,SORRENTINO Stefano,12
2011,SPOLLI Nicolas,7
2011,STANKEVICIUS Marius,4
2011,STANKOVIC Dejan,13
2011,STENDARDO Guglielmo,2
2011,STORARI Marco,5
2011,STRASSER Rodney,4
2011,SUAZO David,15
2011,TADDEI Rodrigo,7
2011,TAIDER Saphir,1
2011,TAIWO Taye Ismaila,12
2011,TERZI Claudio,2
2011,THEREAU Cyril,13
2011,THIAGO MOTTA,9
2011,THIAGO Ribeiro,15
2011,THIAGO SILVA,18
2011,TIRIBOCCHI Simone,12
2011,TOMOVIC Nenad,6
2011,TORJE Gabriel,1
2011,TOTTI Francesco,33
2011,URIBE Fernando,2
2011,VACEK Kamil,3
2011,VALDES Jaime Andres Zapata,12
2011,VALIANI Francesco,6
2011,VAN BOMMEL Mark,8
2011,VARGAS Juan,19
2011,VELOSO Miguel,7
2011,VERGASSOLA Simone,7
2011,VIDAL Arturo,14
2011,VITIELLO Roberto,1
2011,VIVIANI Federico,2
2011,VON BERGEN Steve,6
2011,VUCINIC Mirko,20
2011,YEPES Mario Alberto,6
2011,ZACCARDO Cristian,11
2011,ZAHAVI Eran,11
2011,ZAMBROTTA Gianluca,5
2011,ZANETTI Javier Aldemar,11
2011,ZARATE Mauro Matias,16
2011,ZAURI Luciano,2
2011,ZE EDUARDO,3
2011,ZE EDUARDO de Almeida,17
2011,ZUNIGA Juan Camilo,7
